institute,city,url
'Aisyiyah College of Health Sciences Bandung,Bandung,http://www.stikes-aisyiyahbandung.ac.id
'Aisyiyah College of Health Sciences Surakarta,Surakarta,http://www.stikes-aisyiyah.ac.id
17 August 1945 University Banyuwangi,Banyuwangi,http://untag-banyuwangi.ac.id
17 August 1945 University Cirebon,Cirebon,http://www.untagcirebon.ac.id
17 August 1945 University Jakarta,Jakarta Utara,http://uta45jakarta.ac.id
17 August 1945 University Samarinda,Samarinda,http://www.untag-smd.ac.id
17 August 1945 University Semarang,Semarang,http://www.untagsmg.ac.id
17 August 1945 University Surabaya,Surabaya,http://www.untag-sby.ac.id
19 November University of Kolaka,Kolaka,http://usn.ac.id
45 Mataram College of Economics,Mataram,http://stie45mataram.ac.id
AAN School of Administrative Sciences,Yogyakarta,http://stia-aan.ac.id
Abdi Nusa College of Economics,Palembang,http://stieabdinusa.blogspot.com
Abdi Nusa College of Health Sciences,Pangkalpinang,http://abdinusababel.ac.id
Abdi Nusantara College of Health Sciences,Bekasi,http://abdinusantara.ac.id
Abdul Haris School of Administrative Sciences,Makassar,Webpage-Not-Found
Abdurachman Saleh University,Situbondo,http://unars.ac.id
Abdurrab University,Pekanbaru,http://www.univrab.ac.id
Abulyatama University,Aceh Besar,http://www.abulyatama.ac.id
Accountancy and International Business College,Medan,Webpage-Not-Found
Achmad Yani University,Banjarmasin,http://www.uay.ac.id
Adabiah School of Administrative Sciences,Padang,http://stiaadabiah.ac.id
Adhi Tama Institute of Technology Surabaya,Surabaya,http://www.itats.ac.id
Adi Buana PGRI University,Surabaya,http://www.unipasby.ac.id
Adventist University of Indonesia,Bandung,http://www.unai.edu
Agricultural College Benteng Huraba,Padang Sidempuan,http://www.stbenhur.ac.id
"Agus Salim Institute of Islamic Studies, Metro",Metro,http://www.iai-agussalimmetro.ac.id
"Ahmad Dahlan College of Economics, Jakarta",Jakarta Selatan,http://www.stiead.ac.id
Ahmad Dahlan University,Yogyakarta,http://www.uad.ac.id
Airlangga University,Surabaya,http://www.unair.ac.id
AKBP-STIE KBP School of Finance and Banking,Padang,http://akbpstie.ac.id
Aki University,Semarang,http://www.unaki.ac.id
AKPRIND Institute of Science and Technology,Yogyakarta,http://www.akprind.ac.id
Al Gazali School of Administrative Sciences - Barru,Barru,http://www.stiaalgazali-barru.ac.id
Al Gazali Soppeng College of Administrative Sciences,Watan Soppeng,Webpage-Not-Found
"Al Ghazali Nahdlatul Ulama University, Cilacap",Cilacap,https://unugha.ac.id
Al Muslim University,Bireuen,http://www.umuslim.ac.id
Al Zaytun Indonesia Institute of Islamic Studies,Indramayu,http://iai-alzaytun.ac.id
Al-Asyariah Mandar University,Polewali,http://unasman.ac.id
Al-Azhaar Institute of Islamic Studies,Lubuk Linggau,http://www.iai-al-azhaar.ac.id
Al-Azhar Islamic University of Mataram,Mataram,http://unizar.ac.id
Al-Azhar University Indonesia,Jakarta Selatan,http://www.uai.ac.id
Al-Azhar University of Medan,Medan,https://alazhar-university.ac.id
Al-Aziziyah Institute of Islamic Studies,Bireuen,http://iaia.ac.id
Al-Ghifari University,Bandung,http://www.unfari.ac.id
Al-Hikmah College of Economics,Medan,http://www.stiealhikmah.ac.id
Al-hikmah College of Law,Medan,Webpage-Not-Found
Al-Khoziny Institute of Islamic Studies,Sidoarjo,http://www.alkhoziny.ac.id
Al-Maarif College of Health Sciences,Baturaja,http://stikesalmaarif.ac.id
Al-Qolam Institute of Islamic Studies,Malang,http://www.alqolam.ac.id
Al-Qur'an University of Science,Wonosobo,http://www.unsiq.ac.id
Al-Washliyah College of Economics,Tapanuli Tengah,Webpage-Not-Found
Al-Washliyah Labuhan Batu University,Rantauprapat,http://www.univalabuhanbatu.ac.id
Alifah Padang College of Health Sciences,Padan,http://www.stikesalifah.ac.id
Alkhairaat University,Palu,http://unisapalu.ac.id
Alma Ata University,Bantul,http://www.almaata.ac.id
"Almuslim Institute of Islamic Studies, Aceh",Bireuen,http://www.almuslimaceh.ac.id
Alwasahiyah University,Medan,https://univa-medan.ac.id
Amanah College of Health Sciences Makassar,Makassar,http://stikesamanah-mks.ac.id
Ambon State Islamic Institute,Ambon,http://www.iainambon.ac.id
Amikom University of Yogyakarta,Sleman,http://www.amikom.ac.id
Amir Hamzah University,Medan,http://www.unhamzah.ac.id
Amsir College of Law,Pare-Pare,http://www.stihamsir.ac.id
Amuntai School of Administrative Sciences,Amuntai Tengah,http://www.stiaamuntai.ac.id
Andalas University,Padang,http://www.unand.ac.id
Andi Djemma University Palopo,Palopo,http://unanda.ac.id
"Anindyaguna College of Economics, Semarang",Semarang,Http://www.anindyaguna.com
Antakusuma University,Pangkalan Bun,http://www.untama.ac.id
Aprin College of Economics of Palembang,Palembang,http://www.stie-aprin.ac.id
Ar-Raniry State Islamic University,Banda Aceh,http://www.ar-raniry.ac.id
Artha Bodhi Iswara College of Economics,Surabaya,http://www.abi.ac.id
Artha Bodhi Iswara College of Health Sciences,Surabaya,http://www.stikesabi.ac.id/stikesabi
Artha Wacana Christian University,Kupang,http://ukaw.ac.id
As-Syafiiyah Islamic University,Jakarta Timur,http://www.uia.ac.id
Asahan University,Kisaran,http://una.ac.id
ASMI Solo School of Administative Sciences,Surakarta,http://stia-asmisolo.ac.id
Asy Syafi iyah School of Administrative Sciences,Fak-Fak,Webpage-Not-Found
Atma Bhakti College of Economics Surakarta,Surakarta,http://stie-atmabhakti.ac.id
Atma Jaya Catholic University of Indonesia,Jakarta,http://www.atmajaya.ac.id
Atma Jaya Makassar University,Makassar,http://www.uajm.ac.id
Atma Jaya Yogyakarta University,Yogyakarta,http://www.uajy.ac.id
Attahiriyah Islamic University,Jakarta Selatan,http://www.uniat.ac.id
Avicenna College of Health Sciences,Kendari,http://www.stik-avicenna.ac.id
Azzahra University,Jakarta Timur,http://azzahra.ac.id
Bagasasi School of Administrative Sciences,Bandung,http://stiabagasasi.ac.id
Baiturrahim College of Health Sciences,Jambi,http://www.stikba.ac.id
Baiturrahmah University,Padang,http://www.unbrah.ac.id
Bajiminasa College of Economics,Makassar,http://www.stie-bajiminasa.ac.id
Bakrie University,Jakarta Selatan,http://www.bakrie.ac.id
Bakti Tunas Husada College of Health Sciences,Tasikmalaya,http://stikes-bth.ac.id
Bale Bandung University,Bandung,http://www.unibba.ac.id
Bali College of Health Sciences,Denpasar,http://www.stikes-bali.ac.id
Bali Internasional Institute of Tourism Management,Denpasar,http://www.stiesahidbali.ac.id
Balikpapan College of Economics,Balikpapan,http://www.stiebalikpapan.ac.id
Balikpapan University,Balikpapan,http://www.uniba-bpn.ac.id
Bandar Lampung University,Bandar Lampung,http://www.ubl.ac.id
Bandung College of Law,Bandung,https://www.sthb.ac.id
Bandung Institute of Science and Technology,Bekasi,http://www.itsb.ac.id
Bandung Institute of Technology,Bandung,http://www.itb.ac.id
Bandung National Institute of Technology,Bandung,http://www.itenas.ac.id
Bandung Raya University,Bandung,http://unbar.ac.id
Bandung School of Administrative Sciences,Bandung,http://www.stiabandung.ac.id
Bangka Belitung University,Pangkalpinang,http://www.ubb.ac.id
Bangun Nusantara Veteran University,Sukoharjo,http://www.univetbantara.ac.id
"Bani Fattah Institute of Islamic Studies, Jombang",Jombang,http://www.iaibafa.ac.id
Bani Saleh College of Health Sciences,Bekasi,http://stikesbanisaleh.ac.id
Banjarmasin National School of Economics,Banjarmasin,https://stienas-ypb.ac.id
"Bank BPD College of Economics, Central Java",Semarang,http://www.stiebankbpdjateng.ac.id
Banten College of Health Sciences,Tangerang,http://www.stikesbanten.ac.id
Banten Jaya University,Serang,http://unbaja.ac.id
Banten Raya College of Social and Poltitical Sciences,Pandeglang,http://stisipbantenraya.ac.id
Banten Raya Language School,Pandeglang,http://www.stibbantenraya.ac.id
Banten School of Administrative Sciences,Pandeglang,http://www.stiabanten.ac.id
Banyuwangi PGRI University,Banyuwangi,http://www.uniba-bwi.ac.id
Baramuli College of Health Sciences,Pinrang,https://stikesbaramuli.ac.id
Batam University,Batam,http://univbatam.ac.id
Batanghari University,Jambi,http://www.unbari.ac.id
Baturaja University,Baturaja,http://www.unbara.ac.id
Batusangkar State Islamic Institute,Tanah Datar,http://www.iainbatusangkar.ac.id
Bayuangga School of Administrative Sciences,Probolinggo,http://stia-bayuangga.ac.id
Bekasi '45 Islamic University,Bekasi Timur,http://unismabekasi.ac.id
Bengkulu School of Administration,Padang Harapan,http
Bengkulu State Islamic Institute,Bengkulu,http://iainbengkulu.ac.id
Bengkulu University,Bengkulu,http://www.unib.ac.id
Benteng Huraba College of Law,Padangsidimpuan,http://www.stbenhur.ac.id
Bethesda Yakkum College of Health Sciences,Yogyakarta,http://stikesbethesda.ac.id
Bhakti Husada Bengkulu College of Health Sciences,Kebun Tebeng,http://stikesbhaktihusada.ac.id
Bhakti Kencana University,Bandung,https://bku.ac.id
Bhakti Pembangunan College of Economics,Jakarta Selatan,https://stiebp.ac.id
Bhakti Wiyata Kediri Institute of Medical Sciences,Kediri,http://www.iik.ac.id
Bhayangkara Jakarta Raya University,Jakarta Selatan,http://www.ubharajaya.ac.id
Bhayangkara University Surabaya,Surabaya,http://www.ubhara.ac.id
Biak-Papua College of Law,Biak Numfor,http://www.stihbiak.ac.id
Bima College of Economics,Bima,http://www.stiebima.ac.id
Bina Bangsa Majene College of Health Sciences,Majene,http://www.stikesbbm.ac.id
Bina Bangsa University,Serang,http://www.binabangsa.ac.id
Bina Banua School of Administrative Sciences,Banjarmasin,http://www.stiabinabanuabjm.ac.id
Bina Darma University,Palembang,http://www.binadarma.ac.id
Bina Dinamika Foreign Language College,Bekasi,http://www.stbabinadinamika.ac.id
Bina Husada College of Health Sciences,Palembang,http://www.binahusada.ac.id
Bina Karya College of Economics,Tebing Tinggi,Webpage-Not-Found
Bina Sarana Computer University of Bandung,Bandung,http://ubsi.ac.id
Bina Taruna School of Administrative Sciences,Gorontalo,Webpage-Not-Found
Binalita Sudama College of Health Sciences,Medan,https://www.bsm.ac.id
Binaniaga College of Economics,Bogor,http://www.stiebinaniaga.ac.id
Binawan College of Health Sciences,Jakarta Timur,http://www.binawan-ihs.ac.id
Bintuni College of Law,Teluk Bintuni,Webpage-Not-Found
Binus University,Jakarta,http://binus.ac.id
Boedi Oetomo College of Economics,Pontianak,http://www.stieboedioetomo.ac.id
Bogor Agricultural University,Bogor,http://www.ipb.ac.id
Bojonegoro University,Bojonegoro,http://www.unigoro.ac.id
Bondowoso University,Bondowoso,http://www.unibo.ac.id
Borneo Lestari College of Health Sciences,Banjarbaru,http://stikesborneolestari.ac.id
Borneo Tarakan University,Tarakan,http://www.borneo.ac.id
Borobudur University,Jakarta Timur,http://borobudur.ac.id
Bosowa University,Makassar,https://universitasbosowa.ac.id
Boyolali University,Boyolali,https://uby.ac.id
BPKP College of Economics,Jakarta Barat,https://stiebpkp.ac.id
Brawijaya University,Malang,http://www.ub.ac.id
Buana Perjuangan University of Karawang,Karawang,http://www.ubpkarawang.ac.id
Buddhi Dharma University,Tangerang,http://www.buddhidharma.ac.id
Budi Daya School of Teacher Training and Educational Science,Binjai Utara,http://www.stkipbudidaya.ac.id
Budi Luhur Cimahi College of Health Sciences,Cimahi,http://www.stikesbudiluhurcimahi.ac.id
Budi Luhur University,Petukangan Utara,http://www.budiluhur.ac.id
Budi Mulia College of Health Sciences,Kendari,Webpage-Not-Found
Budi Utomo Institute of Teacher Training and Educational Science - Malang,Malang,http://www.ikipbudiutomo.ac.id
Budi Utomo Institute of Technology,Jakarta Timur,http://itbu.ac.id
Bukittinggi State Islamic Institute,Bukittinggi,http://www.iainbukittinggi.ac.id
"Bulungan College of Economics, Tarakan",Tarakan,http://www.stiebultar.org
Bumi Hijrah University,Tidore,http://www.unibrah.ac.id
Bumiputera School of Business,Jakarta Selatan,http://www.stiebumiputera.ac.id
Bunda Mulia University,Jakarta Utara,http://www.ubm.ac.id
Bung Hatta University,Padang,http://www.bunghatta.ac.id
Bung Karno University,Jakarta Pusat,http://www.ubk.ac.id
"Bunga Bangsa Institute of Islamic Studies, Cirebon",Cirebon,http://bungabangsacirebon.ac.id
"Business Development and Management College, Jakarta",Cililitan,http://www.stiepbm.ac.id
Cahaya Bangsa College of Health Sciences,Banjar,Webpage-Not-Found
Cahaya Surya Foreign Language College,Kediri,http://www.cahayasurya.ac.id
Cakrawala Nusantara Foreign Language College,Kupang,Webpage-Not-Found
Candradimuka College of Social and Political Sciences,Palembang,http://stisipolcandradimuka.ac.id
Catur Sakti College of Education and Teacher Training,Bantul,http://www.stkipcatursakti.ac.id
Cendekia Karya Utama College of Economics,Semarang,http://cendekiaku.ac.id
Cendekia Utama College of Health Sciences,Kudus,http://stikescendekiautamakudus.ac.id
Cenderawasih University,Jayapura,https://www.uncen.ac.id
Ceria Buana College of Health Sciences,Agam,Webpage-Not-Found
Christian University of Indonesia,Jakarta Timur,http://www.uki.ac.id
Christian University of Indonesia Tomohon,Tomohon,https://ukit.ac.id
Christian University of Surakarta,Surakarta,http://www.uks.ac.id
Christian University of Tentena,Tentena,Webpage-Not-Found
Christian University Palangka Raya,Palangka Raya,http://www.unkrip.ac.id
Cimahi School of Administrative Sciences,Cimahi,http://www.stiacimahi.ac.id
Cipta Wacana Christian University,Malang,http://ukcw.ac.id
Cipto Hadi Pranoto Foreign Language College,Bekasi,Webpage-Not-Found
Ciputra University,Surabaya,http://www.ciputra.ac.id
Cirebon College of Economics,Cirebon,http://stiecirebon.ac.id
Cirebon College of Health Sciences,Cirebon,http://stikescirebon.com
Cokroaminoto College of Law,Paleteang,Webpage-Not-Found
Cokroaminoto University - Makassar,Makassar,https://ucm.ac.id
Cokroaminoto University - Palopo,Palopo,http://uncp.ac.id
Cokroaminoto University - Yogyakarta,Yogyakarta,http://www.ucy.ac.id
College of Agricultural Sciences Dharma Wacana,Metro,http://www.stiperdharmawacana.ac.id
College of Agricultural Sciences Labuhan Batu,Labuhan Batu,http://stiper-labuhanbatu.ac.id
College of Agricultural Sciences Mujahidin Toli-toli,Toli-Toli,http://www.stiptolitoli.info
College of Agricultural Sciences of Belitang,Belitang,https://stiperblt.wordpress.com
College of Agricultural Sciences Puangrimanggalatung,Wajo,http://www.stipprima.ac.id
College of Agricultural Sciences Rejang Lebong,Rejang Lebong,http://www.stiperrl.ac.id
College of Agricultural Sciences Sriwigama,Palembang,http://www.stipersriwigama.ac.id
College of Agricultural Sciences Surya Dharma,Bandar Lampung,Webpage-Not-Found
College of Agricultural Sciences Wuna Raha,Raha,Webpage-Not-Found
College of Agricultural Sciences Yapi Bone,Bone,http://stipyapibone.ac.id
"College of Agricultural Sciences, Amuntai",Amuntai,http://stiperamuntai.ac.id
College of Business Economics and Banking,Sleman,http://www.stiebbank.ac.id
College of Commerce and Finance,D.K.I. Jakarta,Webpage-Not-Found
College of Economics and Trade,Padang,http://www.stieperdaganganpdggo.ac.id
College of Fishery Malang,Malang,http://stipmalang.ac.id
College of Health Sciences Abdi Husada Tulungagung,Tulungagung,http://www.stikestulungagung.ac.id
College of Health Sciences Abdi Nusa,Palembang,Webpage-Not-Found
College of Health Sciences Aufa Royhan,Padang Sidempuan,http://stikes-aufa.ac.id
College of Health Sciences Bhakti Pertiwi Luwu Raya,Palopo,http://www.stikesbhaktipertiwi.ac.id
College of Health Sciences Insan Unggul Surabaya,Sidoarjo,Webpage-Not-Found
College of Health Sciences Nani Hasanuddin,Makassar,http://stikesnh.ac.id
College of Health Sciences Nauli Husada Sibolga,Sibolga,http://stikesnaulihusada.ac.id
College of Health Sciences Padang,Padang,http://www.stifarm-padang.ac.id
College of Health Sciences Polewali Mandar,Polewali Mamasa,http://biges.ac.id
College of Health Sciences Putra Abadi Langkat,Langkat,http://www.stikespal.ac.id
College of Health Sciences Santa Elisabeth Medan,Medan,http://stikeselisabethmedan.ac.id
College of Health Sciences Siti Hajar Medan,Medan,http://www.stikes-sitihajar.ac.id
College of Management Amkop,Palembang,http://stim-amkop.ac.id
College of Management LMPI,Jakarta Selatan,http://www.stimlpmi.ac.id
College of Pharmacy and Natural Sciences Pelita Mas,Palu,http://www.stifa.ac.id
College of Pharmacy Bhakti Pertiwi,Palembang,htp://www.stifibp.ac.id
College of Pharmacy Makassar,Makassar,http://www.stifamks.ac.id
College of Pharmacy of the Pharmaceutical Foundation Semarang,Semarang,http://www.stifar.ac.id
College of Pharmacy Riau,Pekanbaru,http://www.stifar-riau.ac.id
College of Public Health Nusantara,Palembang,http://www.stikmnusantara.ac.id
College of Social Welfare,Bandung,http://www.stks.ac.id
College of Technology Jakarta,Bekasi,http://sttj.ac.id
Cordova University,Sumbawa Barat,http://www.undova.ac.id
Cut Nyak Dhien Langsa College of Health Sciences,Langsa,http://www.stikescnd.ac.id
Cut Nyak Dhien University of Science,Langsa,http://www.uscnd.ac.id
"Daar Al-Ulum Institute of Islamic Studies, Asahan",Asahan,http://www.daarul-uluum.ac.id
"Damarica College of Law, Palopo",Palopo,Webpage-Not-Found
Darma Agung University,Medan,https://darmaagung.ac.id
Darma Cendika Catholic University,Surabaya,http://www.ukdc.ac.id
Darma Persada University,Jakarta Timur,http://www.unsada.ac.id
Darul Da'wah Institute of Islamic Studies,Polewali Mamasa,http://iai.ddipolman.ac.id
Darul Rahman School of Administrative Sciences of Tual,Tual,http://stiadarulrachmantual.com
Darul Ulum Islamic Sudirman Ungaran University Centre,Ungaran,http://undaris.ac.id
Darul Ulum Islamic University,Lamongan,http://www.unisda.ac.id
Darul Ulum University,Jombang,http://www.undar.ac.id
Darullughah Wadda'wah Institute of Islamic Studies,Bangil,http://www.inidalwa.ac.id
Darussalam University Ambon,Ambon,http://www.unidar.ac.id
Darwan Ali University,Sampit,http://www.unda.ac.id
Dayanu Ikhsanuddin University,Bau-Bau,http://www.unidayan.ac.id
De La Salle Catholic University,Manado,http://www.unikadelasalle.ac.id
Dehasen Bengkulu University,Bengkulu,http://www.unived.ac.id
Dehasen College of Health Sciences,Bengkulu,Webpage-Not-Found
Del Institute of Technology,Toba Samosir,http://www.del.ac.id
Denpasar School of Administration,Denpasar,https://kerthawisata.ac.id
"Development College of Economics, Tanjungpinang",Tanjungpinang,http://www.stie-pembangunan.ac.id
Development University of Panca Budi,Medan,http://www.pancabudi.ac.id
Dharma Andalas University,Padang,http://web.unidha.ac.id
Dharma Andhiga Law School,Bogor,http://www.stihdharmaandigha.ac.id
Dharma Husada Health Sciences College Bandung,Bandung,http://stikesdhb.ac.id
"Dharma Nasional College of Economics, Jember",Jember,Webpage-Not-Found
Dharma Negara Business School,Bandung,http://stiedharmanegara.ac.id
"Dharma Putra College of Economics, Semarang",Semarang,http://stiedharmaputra-smg.ac.id
Dharma Wacana College of Education and Teacher Training,Metro,Webpage-Not-Found
Dharma Wacana College of Social and Political Sciences,Metro,Webpage-Not-Found
Dharmawangsa University,Medan,http://dharmawangsa.ac.id
Dian Nusantara University,Medan,http://www.untara.ac.id
Dian Nuswantoro University,Semarang,http://www.dinus.ac.id
Diponegoro University,Semarang,http://www.undip.ac.id
Djuanda University,Bogor,http://www.unida.ac.id
Dr. Moechtar Talib College of Economics,Jakarta Timur,http://www.stiemt.ac.id
Dr. Nugroho Magetan University,Magetan,http://www.udn.ac.id
Dr. Soetomo University,Surabaya,http://www.unitomo.ac.id
Drg Suherman Medical Institute,Bekasi,http://web.imds.ac.id/imds
Driyakara College of Philosophy,Jakarta Pusat,http://www.driyarkara.ac.id
Dumoga Bone Kotamobagu University,Kotamobagu,http://udk.ac.id
Duta Gama Klaten College of Health Sciences,Klaten,https://www.stikesdutagama.ac.id
Duta Wacana Christian University,Yogyakarta,http://www.ukdw.ac.id
"Dwi Sakti College of Economics, Baturaja",Ogan Komering Ulu,http://www.stiedwisakti.ac.id
Dwijendra University,Denpasar,http://undwi.ac.id
Dwipa Wacana College of Economics,Kramat Jati,http://stiedwipawacana.ac.id
"Eben Haezar College of Economics, Manado",Manado,https://stiebenzar.ac.id
Efarina University,Simalungun,http://unefa.ac.id
Eka Prasetya College of Economics,Medan,http://www.www.ekaprasetya.ac.id
Ekasakti University,Padang,http://unespadang.ac.id
Ekuitas College of Business,Bandung,http://www.ekuitas.ac.id
"El Fatah College of Economics, Manado",Manado,Webpage-Not-Found
Electronic Engineering Polytechnic Institute of Surabaya,Surabaya,http://www.pens.ac.id
Elisabeth Semarang College of Health Sciences,Semarang,http://www.stibeth.ac.id
Enam Enam Kendari College of Economics,Kendari,http://www.stie-66.ac.id
Esa Unggul University,Jakarta Barat,http://www.esaunggul.ac.id
Fajar University,Makassar,http://unifa.ac.id
Faletehan College of Health Sciences,Serang,https://www.stikesfa.ac.id
Farming College Agricultural Sciences Semarang,Semarang,http://www.stipfarming.ac.id
"Fatahillah College of Economics, Surabaya",Surabaya,http://stiefatahillah.ac.id
"Fattahul Muluk State Institute of Islamic Studies, Papua",Jayapura,http://www.stain-papua.ac.id
Fitrah Aldar College of Health Sciences,Lubuk Linggau,Webpage-Not-Found
Flora College of Health Sciences,Medan,http://stikesflora-medan.ac.id
Flores University,Ende,http://uniflor.ac.id
"Foreign Language College, Malang",Malang,http://www.stiba-malang.ac.id
Fort De Kock College of Health Sciences,Bukittinggi,https://fdk.ac.id
Free University of Madiun,Madiun,http://www.unmermadiun.ac.id
Free University of Malang,Malang,http://www.unmer.ac.id
Free University of Pasuruan,Pasuruan,http://unmerpas.ac.id
Free University of Ponorogo,Ponorogo,http://www.unmerponorogo.ac.id
Free University of Surabaya,Surabaya,http://unmerbaya.ac.id
Gajah Mada University,Yogyakarta,http://www.ugm.ac.id
Gajah Putih State College of Islamic Studies,Takengon,http://stain-gp.ac.id
Gajah Putih University,Takengon,http://www.ugptakengon.ac.id
Gajayana University Malang,Dinoyo Malang,http://www.unigamalang.ac.id
Galuh University,Ciamis,https://unigal.ac.id
Galunggung Tasikmalaya College of Law,Tasikmalaya,http://www.sthg.ac.id
Gandhi College of Economics,D.K.I. Jakarta,Webpage-Not-Found
Ganesha College of Economics,Jakarta Selatan,http://www.stieganesha.ac.id
Ganesha University of Education,Singaraja,http://www.undiksha.ac.id
Garut College of Health Sciences,Garut,Webpage-Not-Found
Garut College of Law,Garut,Webpage-Not-Found
Garut Institute of Education,Garut,https://institutpendidikan.ac.id
Garut University,Garut,http://uniga.ac.id
Not-Found,Not-found,Webpage-Not-Found
General Soedirman University,Purwokerto,http://www.unsoed.ac.id
Gentiaras College of Economics,Bandar,http://www.ptsgentiaras.ac.id
Gorontalo University,Limboto,http://unigo.ac.id
Gotong Royong College of Economics,Jakarta Selatan,http://www.stiegotongroyong.ac.id
Graha Karya College of Economics,Jambi,http://stiegk.ac.id
Graha Kirana College of Economics,Sumatera Utara,http://www.grahakirana.ac.id
Graha Kirana College of Law,Medan,http://www.grahakirana.ac.id
Gresik University,Gresik,http://unigres.ac.id
Gunadarma University,Depok,http://www.gunadarma.ac.id
Gunung Jati College of Law,Tangerang,http://www.stihgunungjati.ac.id
Gunung Kidul University,Wonosari,http://ugk.ac.id
Gunung Leuser University of Aceh,Kutacane,https://www.ugl.ac.id
Gunung Rinjani University,Mataram,http://www.univgunungrinjani.ac.id
"Habaring Hurung College of Law, Sampit",Sampit,http://www.stihhr.ac.id
Haji Agus Salim College of Economics,Bukit Tinggi,http://stiehas.ac.id
Haji Agus Salim Foreign Language College,Bukit Tinggi,http://www.stbahas.ac.id
Hakli College of Health Sciences,Semarang,http://stikeshaklismg.ac.id
Halmahera College of Health Sciences,Halmahera Utara,http://www.stikeshalmahera.ac.id
Halmahera University,Tobelo,http://www.uniera.ac.id
Halu Oleo University,Kendari,http://www.uho.ac.id
HAM College of Law,Parigi Mautong,Webpage-Not-Found
"Hamzanwadi NW Institute of Islamic Studies, Lombok Timur",Lombok Timur,http://iaihnwlotim.ac.id
"Hamzanwadi NW Institute of Islamic Studies, Pancor",Lombok Timur,http://www.iaihnwpancor.ac.id
Hang Tuah College of Health Sciences,Surabaya,http://www.stikeshangtuah-sby.ac.id
Hang Tuah College of Health Sciences,Pekanbaru,http://htp.ac.id
Hang Tuah University,Surabaya,http://www.hangtuah.ac.id
Harapan Bangsa Institute of Technology,Bandung,http://www.ithb.ac.id
Harapan Bangsa University,Banyumas,http://www.uhb.ac.id
"Harapan Ibu College of Health Sciences, Jambi",Jambi,http://www.stikes-hi.ac.id/web
Harapan Medan University,Medan,http://unhar.harapan.ac.id
Hasanuddin University,Makassar,http://www.unhas.ac.id
Hasyim Asy'ari University of Tebuireng Jombang,Diwek,http://www.unhasy.ac.id
Hein Namotemo University,Halmahera Utara,http://www.unhena.ac.id
Hindu Dharma State Institute of Denpasar,Denpasar,https://www.ihdn.ac.id
Hindu Indonesian University,Denpasar,http://www.unhi.ac.id
Holistic College of Health Sciences,Purwakarta,http://stikesholistic.ac.id
Husada Jombang College of Health Sciences,Jombang,http://www.stikeshusada-jombang.ac.id
Husada Mandiri Poso College of Health Sciences,Poso,http://www.stikeshmposo.ac.id
IBA University,Palembang,http://www.iba.ac.id
IBBI College of Economics,Medan,http://www.ibbi.ac.id
IBEK Pangkalpinang College of Economics,Pangkalpinang,http://www.stie-ibek.ac.id
IBLAM College of Law,Jakarta Pusat,https://iblam.ac.id
"IBMI College of Economics, Medan",Medan,http://ibmi-medan.com
"IBMT School of Management, Surabaya",Surabaya,http://www.ibmt.ac.id
Ibn Chaldun University,Jakarta Timur,http://uic.ac.id
Ibn Khaldun University - Bogor,Bogor,http://www.uika-bogor.ac.id
Ibnu Sina Batam College of Health Sciences,Batam,http://www.stikesibnusinabatam.com
Ibnusina College of Economics,Batam,http://www.stieibnusina.ac.id
"Ibrahimy Institute of Islamic Studies, Genteng",Banyuwangi,http://www.ibrahimy.ac.id
Ibrahimy Sukorejo University of Situbondo,Situbondo,http://www.ibrahimy.ac.id
Ichsan Gorontalo University,Gorontalo,http://www.unisan.ac.id
"IEC Foreign Language College, Bekasi",Bekasi,https://stibaiecbekasi.ac.id
"IEC Foreign Language College, Jakarta",D.K.I. Jakarta,https://stibaiecjakarta.ac.id
IEU Economic School,Yogyakarta,https://stieieu.ac.id
IGI College of Economics,Jakarta Barat,http://www.igi.ac.id
Imam Bonjol College of Social and Political Sciences,Padang,http://stisipimambonjol.ac.id
Immanuel Christian University,Yogyakarta,http://www.ukrimuniversity.ac.id
Immanuel College of Health Sciences Bandung,Bandung,http://stik-immanuel.ac.id
Immanuel College of Technology,Medan,http://www.perguruanimmanuel.web.id
INABA Business School,Bandung,http://www.inaba.ac.id
Indo Global Mandiri University,Palembang,http://www.uigm.ac.id
Indonesia Banking School,Jakarta Selatan,https://ibs.ac.id
Indonesia College of Economics and Business,Jakarta Barat,http://www.stiebi.ac.id
Indonesia College of Economics Pontianak,Pontianak,http://www.stieip.ac.id
"Indonesia College of Economics, Banda Aceh",Banda Aceh,http://www.stiei-aceh.ac.id
"Indonesia College of Economics, Banjarmasin",Banjarmasin,http://stiei-kayutangi-bjm.ac.id
"Indonesia College of Economics, Medan",Medan,http://www.stie-indonesia.ac.id
"Indonesia College of Economics, Surabaya",Surabaya,https://stiesia.ac.id
Indonesia College of Health Sciences,Padang,http://stikesindonesia.ac.id
Indonesia College of Law,Jakarta Pusat,http://www.sthi.ac.id
Indonesia College of Technology,Jakarta Pusat,http://www.stti-stieni.ac.id
Indonesia International Institute for Life Sciences,Jakarta Timur,http://www.i3L.ac.id
Indonesia Jaya College of Health Sciences,Palu,Webpage-Not-Found
Indonesia Management and Business College,Jakarta Selatan,http://www.stiembi.ac.id
Indonesia School of Design Bandung,Bandung,http://www.stdi.ac.id
Indonesia School of Management,Tangerang,Webpage-Not-Found
Indonesia Technocrat University,Bandar Lampung,http://www.teknokrat.ac.id
Indonesia Timur Makassar University,Makassar,http://www.universitasindonesiatimur.ac.id
Indonesia University,Jakarta,https://www.ui.ac.id
Indonesia University of Education,Bandung,http://www.upi.edu
Indonesian Bakti University,Banyuwangi,http://mm-ubi.kuliahkaryawanpekanbaru.com
Indonesian Christian Maluku University,Ambon,http://www.ukim.ac.id
"Indonesian College of Economics, Jakarta",Jakarta Timur,http://www.stei.ac.id
Indonesian Computer University,Bandung,http://www.unikom.ac.id
Indonesian Development University,Manado,http://unpi.ac.id
Indonesian European University,Surabaya,http://ieu.ac.id
Indonesian Institute of Art - Padangpanjang,Padangpanjang,http://www.isi-padangpanjang.ac.id
Indonesian Institute of Art - Surakarta,Surakarta,http://www.isi-ska.ac.id
Indonesian Institute of Art - Yogyakarta,Sewon Bantul,http://www.isi.ac.id
Indonesian Institute of Computer Science,Surabaya,http://www.ikado.ac.id
Indonesian Institute of Cooperative Management,Sumedang,http://www.ikopin.ac.id
Indonesian Institute of Health,D.K.I Jakarta,http://ikijakarta.ac.id
Indonesian Institute of Science and Technology Development,Makassar,Webpage-Not-Found
Indonesian Institute of Science and Technology Manokwari,Manokwari,http://www.isti.ac.id
Indonesian Institute of Technology,Tangerang,http://iti.ac.id
Indonesian Institute of the Arts - Aceh,Jantho,http://www.isbiaceh.ac.id
Indonesian Institute of the Arts - Bandung,Bandung,https://www.isbi.ac.id
Indonesian Institute of the Arts - Denpasar,Denpasar,http://www.isi-dps.ac.id
Indonesian Institute of the Arts - Tanah Papua,Jayapura,http://isbi-tanahpapua.ac.id
Indonesian Maju College of Health Sciences,Jakarta Selatan,http://www.stikim.ac.id
Indonesian Management College of Banjarmasin,Banjarmasin,http://www.stimi-bjm.ac.id
Indonesian Management School of Handayani,Denpasar,http://www.stimidenpasar.ac.id
Indonesian National College of Economics,Jakarta Pusat,http://www.stieni.ac.id
Indonesian Pramita University,Tangerang,http://www.unpri.ac.id
Indonesian University for Community Development,Medan,http://www.upmi.ac.id
Indonesian University of Information Technology and Business,Bandung,http://www.unibi.ac.id
Indonesian University of Technology,Denpasar,Webpage-Not-Found
Indramayu College of Health Sciences,Indramayu,http://www.stikesindramayu.ac.id
Indraprasta PGRI University,Jagakarsa,http://www.unindra.ac.id
Informatics and Business Institute Darmajaya,Bandar Lampung,http://www.darmajaya.ac.id
Institute for Business and Multimedia - ASMI,Jakarta Timur,http://www.ibmasmi.ac.id
Institute of Business Studies and Computer Science - Kosgoro 1957,Jakarta Selatan,http://www.ibi.k57.ac.id
Institute of Education of South Tapanuli,Padangsidimpuan,http://www.stkiptapselpsp.ac.id
"Institute of Islamic Studies Blokagung, Banyuwangi",Banyuwangi,https://iaida.ac.id
"Institute of Islamic Studies, Ciamis",Ciamis,http://iaid.ac.id
"Institute of Islamic Studies, Ngawi",Ngawi,http://iaingawi.ac.id
"Institute of Islamic Studies, Tasikmalaya",Tasikmalaya,http://www.iaic.ac.id
Institute of Public Administration,Sumedang,http://www.ipdn.ac.id
Institute of Science and Technology Al-Kamal Jakarta,Jakarta Barat,http://www.ista.ac.id
Institute of Science and Technology Pardede Medan,Medan,http://www.istp.ac.id
Institute of Social and Political Sciences of Jakarta,Jakarta Selatan,http://www.iisip.ac.id
Institute of Teacher Training and Educational Science,Pontianak,http://www.ikippgriptk.ac.id
Institute of Teacher Training and Educational Science Bojonegoro,Bojonegoro,http://ikippgribojonegoro.ac.id
Institute of Teacher Training and Educational Science Gunung Sitoli,Gunung Sitoli,http://www.ikipgunungsitoli.ac.id
Institute of Teacher Training and Educational Science Jember,Jember,http://www.ikipjember.ac.id
Institute of Teacher Training and Educational Science Kaltim,Samarinda,http://www.ikippgrikaltim.ac.id
Institute of Teacher Training and Educational Science Mataram,Mataram,http://ikipmataram.ac.id
Institute of Teacher Training and Educational Science Muhammadiyah Maumere,Sikka,http://ikipmumaumere.ac.id
Institute of Teacher Training and Educational Science PGRI Bali,Denpasar Timur,http://ikippgribali.ac.id
Institute of Teacher Training and Educational Science PGRI Wates,Yogyakarta,http://www.ikippgriwates.ac.id
Institute of Teacher Training and Educational Science Saraswati,Tabanan,https://www.ikipsaraswati.ac.id
Institute of Teacher Training and Educational Science Widya Darma Surabaya,Surabaya,http://www.ikipwidyadarma.ac.id
International Tourism Management College,Jakarta Timur,http://www.stein.ac.id
International University Batam,Batam,http://www.uib.ac.id
International University Liaison Indonesia,Tangerang Selatan,http://www.iuli.ac.id
International Women University,Bandung,http://www.iwu.ac.id
Invada Foreign Language College,Cirebon,https://stibainvada.ac.id
IPMI International Business School,Jakarta Selatan,http://www.ipmi.ac.id
"IPWI College of Economics, Jakarta",Jakarta Selatan,http://www.stieipwija.ac.id
Iqra Buru University,Namlea,http://uniqbu.ac.id
Iskandar Muda University,Banda Aceh,http://unidaaceh.ac.id
Iskandar Thani School of Administrative Sciences,Banda Aceh,http://www.stia_iskandarthani.ac.id
Iskandar Thani Technical School,Banda Aceh,Webpage-Not-Found
Islamic Batik University,Surakarta,http://www.uniba.ac.id
Islamic University of Al-Ihya Kuningan,Kuningan,http://www.unisa.ac.id
Islamic University of Balitar,Blitar,http://unisbablitar.ac.id
Islamic University of Bandung,Bandung,http://www.unisba.ac.id
Islamic University of Indonesia,Yogyakarta,http://www.uii.ac.id
Islamic University of Indragiri,Tembilahan Hulu,http://www.unisi.ac.id
Islamic University of Jakarta,Jakarta,http://www.uid.ac.id
Islamic University of Jember,Jember,http://www.uij.ac.id
Islamic University of Kadiri,Kediri,http://www.uniska-kediri.ac.id
Islamic University of Kayuagung,Ogan Komering Ilir,https://www.uniski.ac.id
Islamic University of Lamongan,Lamongan,http://www.unisla.ac.id
Islamic University of Madura,Pamekasan,http://uim.ac.id
Islamic University of Majapahit,Mojokerto,http://www.unim.ac.id
Islamic University of Makassar,Makassar,http://www.uim-makassar.ac.id
Islamic University of Malang,Malang,http://www.unisma.ac.id
Islamic University of North Sumatra,Medan,http://www.uisu.ac.id
Islamic University of Nusantara,Bandung,http://www.uninus.ac.id
Islamic University of Riau,Pekanbaru,http://www.uir.ac.id
Islamic University of West Sumatra,Solok,http://www.uisb.ac.id
Istara Archipelago College of Health Sciences,Jakarta Timur,http://www.stikes-istara.ac.id
ISTPN Institute of Science and Technology,Padang,Webpage-Not-Found
IT&B Institute,Medan,http://www.itnb.ac.id
ITKP School of Advertising,Jakarta Selatan,http://itkp.ac.id
ITMI Medan College of Economics,Medan,http://www.itmi.ac.id
ITMI Medan Foreign Language School,Medan,http://www.itmi.ac.id
Jabal Ghafur University,Sigli,http://www.unigha.ac.id
Jakarta College of Administrative Sciences,Jakarta Pusat,https://stialan.ac.id
Jakarta Institute of Arts,Jakarta Pusat,http://www.ikj.ac.id
Jakarta International College,Jakarta Selatan,http://www.jic-stie.ac.id
Jakarta University,Jakarta Timur,http://unija.ac.id
Jambi College of Economics,Simpang Kawat Sipin,Http://stiejambi.ac.id
Jambi University,Jambi,http://www.unja.ac.id
Janabadra University,Yogyakarta,http://www.janabadra.ac.id
Jaya Negara Tamansiswa College of Economics,Malang,http://stiekn.ac.id
Jayabaya University,Jakarta Timur,http://www.jayabaya.ac.id
Jayakarta College of Economics,Jakarta Pusat,http://www.jayakarta.ac.id
Jayakarta College of Health Sciences,Jakarta Timur,http://www.stikesjayakartapkp.ac.id
Jayakusuma College of Economics,Jakarta Pusat,https://stiedipulaujawa.wordpress.com/stie-jayakusuma
Jayapura College of Health Sciences,Jayapura,http://www.stikesjypr.ac.id
Jember State Islamic Institute,Jawa Timur,http://www.iain-jember.ac.id/contact
Jember University,Jember,http://www.unej.ac.id
Jembrana College of Health Sciences,Jembrana,http://stikesjembrana.ac.id
Jenderal Achmad Yani University,Cimahi,http://www.unjani.ac.id
Jenderal Sudirman College of Law,Lumajang,Webpage-Not-Found
JIA Foreign Language College,Bekasi Timur,http://www.stba-jia.ac.id
Kader Bangsa Palembang University,Palembang,http://www.ukb.ac.id
KALBIS Institute,Jakarta Timur,http://www.kalbis.ac.id
Kalbis Institute,Jakarta Timur,http://kalbis.ac.id
Kalimantan Institute of Technology,Balikpapan,http://www.itk.ac.id
Kaltara University,Bulungan,http://unikaltar.ac.id
Kanjuruhan University,Malang,http://www.unikama.ac.id
Kapuas University Sintang,Sintang,http://www.unka.ac.id
Karimun College of Health Sciences,Batam,Webpage-Not-Found
Karo University,Kabanjahe,Webpage-Not-Found
Kartika Bangsa College of Social and Political Sciences,Yogyakarta,Webpage-Not-Found
Kartini University,Surabaya,http://www.unkar.ac.id
Karya Dharma School of Administrative Sciences,Merauke,http://www.stiakdmerauke.ac.id
Karya Kesehatan College of Health Sciences,Kendari,Webpage-Not-Found
Kasih Bangsa College of Economics,Jakarta Barat,http://www.kampus-beasiswa.ac.id
Kawula Indonesia College of Administrative Sciences,Jakarta Timur,http://www.stiakin.co.id
Kebangsaan University,Bandung,http://www.universitaskebangsaan.ac.id
Kediri Nusantara PGRI University,Kediri,http://www.unpkediri.ac.id
Kediri University,Kediri,http://www.unik-kediri.ac.id
Kejuangan '45 University of Jakarta,Jakarta,http://www.kejuangan45.ac.id
Kendal College of Health Sciences,Kendal,http://stikeskendal.ac.id
Kendari College of Agricultural Sciences,Kendari,http://www.stperkendari.ac.id
Kendari State Islamic Institute,Kendari,https://iainkendari.ac.id
Kendedes College of Health Sciences,Malang,https://stikeskendedes.ac.id
Kepanjen College of Health Sciences,Malang,http://stikeskepanjen-pemkabmalang.ac.id
Kepelabuhan Barunawati School of Administrative Sciences and Management,Surabaya,http://www.stiamak.ac.id
Kerinci State Islamic Institute,Kerinci,http://www.iainkerinci.ac.id
Kertanegara College of Economics,Malang,http://www.stiekma.ac.id
"Kesatuan College of Economics, Bogor",Bogor,http://www.stiekesatuan.ac.id
"Kesuma Negara College of Economics, Blitar",Blitar,http://www.stieken.ac.id
KH. A. Wahab Hasbullah University,Jombang,http://www.unwaha.ac.id
Khairun University,Ternate,http://www.unkhair.ac.id
Klabat University,Minahasa Utara,http://www.unklab.ac.id
Kosgoro College of Economics,Jember,Webpage-Not-Found
Krida Wacana Christian University,Jakarta Barat,http://www.ukrida.ac.id
Krisnadwipayana University,Jakarta,http://www.unkris.ac.id
Kuala Kapuas College of Economics,Kuala Kapuas,https://stiekapuas.wordpress.com
Kuala Kapuas College of Law,Kapuas,Webpage-Not-Found
Kuantan Singingi Islamic University,Kuantan Singingi,http://uniks.ac.id
Kudus State Islamic Institute,Kudus,http://www.stainkudus.ac.id
Kuningan Garawangi College of Health Sciences,Kuningan,http://www.stikku.ac.id
Kuningan University,Kuningan,http://www.uniku.ac.id
Kupang College of Management,Kupang,https://stimkupang.wordpress.com
Kusuma Negara College of Economics,Jakarta Timur,http://stie-kusumanegara.ac.id
Kusumanegara Teacher Training School and Educational Studies,Cijantung,http://www.stkipkusumanegara.ac.id
Kutai Kartanegara University,Tenggarong,http://www.unikarta.ac.id
Kwik Kian Gie School of Business,Jakarta Utara,http://www.kwikkiangie.ac.id
La Tansa Mashiro College of Economics,Lebak,http://www.latansamashiro.ac.id
Labora College of Management,Cikini,http://www.labora.ac.id
Labuhan Batu College of Economics,Labuhan Batu,http://stie-labuhanbatu.ac.id
Labuhan Batu College of Law,Labuhan Batu,http://www.stihlabuhanbatu.ac.id
Labuhan Batu Islamic University,Rantau Prapat,https://unisla.wordpress.com
Labuhanbatu Islamic University,Labuhabatu,https://unisla.wordpress.com
Lakidende University of Unahaa,Unahaa,http://www.unilaki.ac.id
Lamaddukelleng College of Law,Wajo,Webpage-Not-Found
Lambung Mangkurat University,Banjarmasin,http://ulm.ac.id
Lampung Prasetiya Mandiri College of Economics,Bandar Lampung,https://stieprasetiyamandiri.ac.id
Lampung University,Bandar Lampung,http://www.unila.ac.id
LAN Bandung College of Administrative Sciences,Bandung,http://www.stialanbandung.ac.id
LAN Makassar College of Administrative Sciences,Makassar,http://www.stialanmakassar.ac.id
Lancang Kuning School of Administrative Sciences,Dumai,http://www.stia-lk-dumai.ac.id
Lancang Kuning University,Pekanbaru,http://www.unilak.ac.id
Langlangbuana University,Bandung,http://www.unla.ac.id
Langsa College of Health Sciences,Langsa,http://stikesydb.ac.id
Langsa State Islamic Institute,Langsa,http://iainlangsa.ac.id
Latifah Mubarokiyah Institute of Islamic Studies,Tasikmalaya,http://www.iailm.ac.id
Ledalero College of Philosophy,Flores,https://www.stfkledalero.ac.id
Lembah Dempo College of Economics,Pagar Alam Utara,http://www.lembahdempo.ac.id
Lenggogeni Padang College of Health Sciences,Padang,Webpage-Not-Found
Lhokseumawe State Islamic Institute,Lhokseumawe,Webpage-Not-Found
LIA Foreign Language College,Jakarta Selatan,http://www.stbalia.ac.id
"LIA Foreign Language College, Yogyakarta",Sleman,http://www.stbalia-yk.ac.id
LMII College of Economics,Medan,http://www.stielmii-medan.ac.id
"London School of Public Relations, Jakarta",D.K.I. Jakarta,http://lspr.edu
"LPI College of Economics, Makassar",Makassar,https://stielpimks.ac.id
LPI College of Management,Makassar,http://www.stim-lpi.ac.id
LPPN School of Administrative Sciences,Padang,https://stialppn.ac.id
Lubuk Sikaping College of Law,Lubuk Sikaping,http://www.stihyappas.ac.id
Lumajang University,Lumajang,http://unilu.ac.id
Ma Chung University,Malang,http://www.machung.ac.id
Ma'arif Nahdlatul Ulama University,Kebumen,http://www.umnu.ac.id
"Ma'arif NU Institute of Islamic Studies, Metro Lampung",Metro,http://www.iaimnumetrolampung.ac.id
Maarif Hasyim Latif University,Sidoarjo,https://www.umaha.ac.id
Madako Toli-Toli University,Tolitoli,http://www.umada.ac.id
"Madani College of Economics, Balikpapan",Balikpapan,http://www.stiemadani.ac.id
Madani School of Administrative Sciences,Klaten,http://www.stiamadaniklaten.ac.id
Madani Yogyakarta College of Health Sciences,Bantul,https://stikesmadani.ac.id
Madura State Islamic Institute,Pamekasan,http://stainpamekasan.ac.id
Madura University,Pamekasan,http://unira.ac.id
Magelang Agricultural Extension College,Magelang,http://stppmagelang.ac.id
"Mahaputra College of Economics, Riau",Pekanbaru,http://www.stie-mahaputra-riau.ac.id
Mahaputra Muhammad Yamin University,Solok,http://www.ummy.ac.id
Maharani College of Health Sciences,Malang,http://www.stikesmaharani.ac.id
Mahardhika College of Economics,Surabaya,http://www.stiemahardhika.ac.id
Mahardika College of Health Sciences Cirebon,Cirebon,https://stikesmahardika.ac.id
Mahasaraswati Denpasar University,Denpasar,https://unmas.ac.id
Mahendradatta University,Denpasar,http://universitasmahendradatta.ac.id
MAIJI Business School,Jakarta Selatan,http://www.stiemaiji.ac.id
Majalengka University,Majalengka,http://www.unma.ac.id
Majapahit College of Health Sciences,Mojokerto,http://stikesmajapahitmojokerto.ac.id
Makassar College of Economics,Makassar,http://www.stiki-mks.ac.id
Makassar Institute of Arts,Makassar,http://www.ikm.ac.id
Malahayati University,Bandar Lampung,http://www.malahayati.ac.id
Malang College of Economics,Malang,http://www.stieimlg.ac.id
Malang Institute of Agriculture,Malang,http://www.ipm.ac.id
Malang National Institute of Technology,Malang,http://www.itn.ac.id
Malang School of Administrative Sciences,Malang,http://www.stia-malang.ac.id
Malangkucecwara College of Economics,Malang,http://www.stie-mce.ac.id
Malikussaleh University,Aceh Utara,http://www.unimal.ac.id
Manado State Islamic Institute,Manado,Webpage-Not-Found
Mandala College of Economics,Jember,http://www.stie-mandala.ac.id
Manokwari College of Law,Manokwari,http://stih-manokwari.com
Maranatha Christian University,Bandung,http://www.maranatha.edu
Mars College of Economics,Pematang Siantar,Webpage-Not-Found
Matana University,Gading Serpong,http://www.matanauniversity.ac.id
Mataram 45 University,Mataram,https://u45mataram.ac.id
Mataram College of Health Sciences,Mataram,http://id.stikes-mataram.ac.id
Mataram National College of Economics,Mataram,http://www.steknasmataram.ac.id
Mataram University,Mataram,http://www.unram.ac.id
Mathla'ul Anwar University,Pandeglang,http://www.unmabanten.ac.id
Maulana Malik Ibrahim State Islamic University Malang,Malang,http://www.uin-malang.ac.id
Maulana Yusuf School of Administrative Sciences,Serang,Webpage-Not-Found
Mayjen Sungkono University,Mojokerto,http://www.unimas.ac.id
Mbojo College of Social and Political Sciences,Bima,http://stisipbima.ac.id
MDP Business School,Palembang,http://www.stie-mdp.ac.id
Medan Area University,Medan,http://www.uma.ac.id
Medan Hajj Hospital College of Health Sciences,Medan,http://stikesrshajimdn.ac.id
Medan Institute of Technology,Medan,http://www.itm.ac.id
Medistra Indonesia College of Health Sciences,Bekasi,http://stikesmedistra-indonesia.ac.id
Medistra Institute of Islamic Studies,Deli Serang,http://www.medistra.ac.id
Mega Rezky College of Health Sciences,Makassar,http://www.stikesmegarezky.ac.id
Megou Pak Tulang Bawang University,Menggala,http://www.umptb.ac.id
Menara Siswa School of Administrative Sciences,Bogor,http://www.menarasiswa.ac.id
Mentari Foreign Language College,Kupang,Webpage-Not-Found
Merangin College of Health Sciences,Merangin,http://stikesmerangin.ac.id
Mercu Buana University,Jakarta Barat,http://www.mercubuana.ac.id
Mercu Buana University of Yogyakarta,Yogyakarta,http://mercubuana-yogya.ac.id/
Methodist Foreign Language College,Palembang,Webpage-Not-Found
Methodist University of Indonesia,Medan,http://www.methodist.ac.id
Metro State Islamic Institute,Metro,http://www.metrouniv.ac.id
"Miftahul Huda College of Economics, Subang",Subang,http://stiemifda.ac.id
Mikroskill College of Economics,Medan,https://www.mikroskil.ac.id
Minaesa Institute of Technology,Tomohon,http://itmtomohon.ac.id
Mitra Adiguna College of Health Sciences,Palembang,http://www.stikes-mitraadiguna.ac.id
Mitra Indonesia University,Bandar Lampung,https://www.umitra.ac.id
Mitra RIA Husada College of Health Sciences,Jakarta Timur,http://www.mrh.ac.id
Moch. Sroedji University,Jember,http://ums-jember.ac.id
Mohammad Husni Thamrin University,DKI Jakarta,http://thamrin.ac.id
Morotai Pacific University,Morotai,Webpage-Not-Found
MPU Tantular University,Jakarta Timur,http://www.mputantular.web.id
Muara Bungo University,Muara Bungo,http://universitasmuarabungo.ac.id
Muhadi Setiabudi University,Brebes,http://www.umus.ac.id
Muhamadiyah Manado College of Health Sciences,Manado,Webpage-Not-Found
Muhammad Arsyad Al Banjari Kalimantan Islamic University,Banjarmasin,http://uniska-bjm.ac.id
Muhammad Thaha Tual College of Law,Tual,Webpage-Not-Found
Muhammadiyah Asahan College of Economics,Asahan,http://stiemakisaran.ac.id
Muhammadiyah Bandung College of Economics,Bandung,http://www.stiemb.ac.id
Muhammadiyah Business Institute of Bekasi,Bekasi,http://www.ibmb.ac.id
Muhammadiyah Buton University,Bau-Bau,http://www.umbuton.ac.id
Muhammadiyah Cilacap College of Economics,Cilacap,http://www.stiemuhcilacap.ac.id
Muhammadiyah College of Law,Lampung Selatan,https://stihmuhammadiyahkalianda.ac.id
Muhammadiyah College of Teacher Training and Educational Science Bangka Belitung,Bangka Tengah,http://www.stkipmbb.com
Muhammadiyah Gombong College of Health Sciences,Kebumen,https://stikesmuhgombong.ac.id
"Muhammadiyah Institute of Islamic Studies, Bima",Bima,https://iaimbima.ac.id
"Muhammadiyah Institute of Islamic Studies, Sinjai",Sinjai,http://www.iaim-sinjai.ac.id
Muhammadiyah Jakarta College of Economics,Manggarai,http://www.stiemj.ac.id
Muhammadiyah Jambi College of Economics,Telanaipura,http://stiemuhjbi.ac.id
Muhammadiyah Kalianda College of Economics,Kalianda,http://www.stiemkalianda.com
Muhammadiyah Kisaran Asahan College of Law,Kisaran,http://www.stihmakisaran.ac.id
Muhammadiyah Kotabumi College of Law,Kota Bumi,http://www.stihmkotabumi.ac.id
Muhammadiyah Madiun College of Social and Political Sciences,Madiun,Webpage-Not-Found
Muhammadiyah Mamuju College of Economics,Mamuju,https://stiemmamuju.ac.id
Muhammadiyah Paciran Lamongan School of Economics,Lamongan,https://stitmupaciran.ac.id
Muhammadiyah Palopo College of Economics,Palopo,http://stiem.ac.id
Muhammadiyah Pekalongan College of Economics,Pekalongan Barat,http://www.stiemuhpekalongan.ac.id
Muhammadiyah Pringsewu College of Economics,Pringsewu,http://www.stiemuh-pringsewu.ac.id
Muhammadiyah Prof. Dr. Hamka University,Jakarta Selatan,http://www.uhamka.ac.id
Muhammadiyah Rappang College of Social and Political Sciences,Rappang-Sidrap,http://stisipmrappang.ac.id
Muhammadiyah School of Administrative Sciences of Selong,Selong,http://www.stiamuhammadiyahselong.ac.id
Muhammadiyah School of Teacher Training Sungai Penuh,Sungai Penuh,http://stkipmsungaipenuh.ac.id
Muhammadiyah Sinjai College of Social and Political Sciences,Sinjai,http://www.stisipm-sinjai.ac.id
Muhammadiyah Takengon College of Law,Takengon,http://www.stihmat.ac.id
Muhammadiyah Tanjung Redeb College of Economics,Tanjung Redeb Berau,http://stiemtanjungredeb.ac.id
Muhammadiyah Tuban College of Economics,Tuban,http://stiemtuban.blogspot.com
Muhammadiyah University of Aceh,Banda Aceh,http://unmuha.ac.id
Muhammadiyah University of Banjarmasin,Banjarmasin Tengah,http://www.umbjm.ac.id
Muhammadiyah University of Bengkulu,Bengkulu,http://www.umb.ac.id
Muhammadiyah University of Cirebon,Cirebon,http://www.umc.ac.id
Muhammadiyah University of Gorontalo,Gorontalo,http://umgo.ac.id
Muhammadiyah University of Gresik,Gresik,http://www.umg.ac.id
Muhammadiyah University of Jakarta,Jakarta Selatan,http://www.umj.ac.id
Muhammadiyah University of Jember,Jember,http://www.unmuhjember.ac.id/
Muhammadiyah University of kalimantan Timur,Samarinda,http://www.umkt.ac.id
Muhammadiyah University of Kendari,Kendari,http://www.umkendari.ac.id
Muhammadiyah University of Kupang,Kupang,http://www.unmuh-kupang.ac.id
Muhammadiyah University of Lampung,Bandar Lampung,http://www.umlampung.ac.id
Muhammadiyah University of Luwuk Banggai,Luwuk,http://www.unismuhluwuk.ac.id
Muhammadiyah University of Magelang,Magelang,https://ummgl.ac.id
Muhammadiyah University of Makassar,Makassar,http://www.unismuh.ac.id
Muhammadiyah University of Malang,Malang,http://www.umm.ac.id
Muhammadiyah University of Maluku Utara,Ternate,http://ummu.ac.id
Muhammadiyah University of Mataram,Mataram,http://ummat.ac.id
Muhammadiyah University of Metro,Metro,http://www.ummetro.ac.id
Muhammadiyah University of North Sumatra,Medan,http://www.umsu.ac.id
Muhammadiyah University of Palangkaraya,Palangka Raya,http://umpalangkaraya.ac.id
Muhammadiyah University of Palembang,Palembang,http://umpalembang.ac.id
Muhammadiyah University of Palu,Palu,http://unismuhpalu.ac.id
Muhammadiyah University of Parepare,Pare-Pare,http://www.umpar.ac.id
Muhammadiyah University of Ponorogo,Ponorogo,http://www.umpo.ac.id
Muhammadiyah University of Pontianak,Pontianak,http://unmuhpnk.ac.id
Muhammadiyah University of Purwokerto,Purwokerto,http://www.ump.ac.id
Muhammadiyah University of Purworejo,Purworejo,http://www.umpwr.ac.id
Muhammadiyah University of Riau,Pekanbaru,http://umri.ac.id
Muhammadiyah University of Semarang,Semarang,http://www.unimus.ac.id
Muhammadiyah University of Sidoarjo,Sidoarjo,http://www.umsida.ac.id
Muhammadiyah University of Sorong,Sorong,http://www.um-sorong.ac.id
Muhammadiyah University of Sukabumi,Sukabumi,http://www.ummi.ac.id
Muhammadiyah University of Surabaya,Surabaya,http://www.um-surabaya.ac.id
Muhammadiyah University of Surakarta,Surakarta,http://www.ums.ac.id
Muhammadiyah University of Tangerang,Tangerang,http://umt.ac.id
Muhammadiyah University of Tapanuli Selatan,Padang Sidempuan,http://um-tapsel.ac.id
Muhammadiyah University of Tasikmalaya,Tasikmalaya,http://www.umtas.ac.id
Muhammadiyah University of West Sumatra,Padang,http://www.umsb.ac.id
Muhammadiyah University of Yogyakarta,Yogyakarta,http://www.umy.ac.id
Mulawarman University,Samarinda,http://www.unmul.ac.id
Mulia Darma Pratama College of Economics,Palembang,http://stie.muliadarmapratama.ac.id
Muria Kudus University,Kudus,http://umk.ac.id
Musamus University of Merauke,Merauke,http://www.unmus.ac.id
Musi Charitas Catholic University,Palembang,http://ukmc.ac.id
Musi Rawas College of Economics,Lubuklinggau,http://www.stie.muralinggau.ac.id
Musi Rawas University,Lubuklinggau,http://unmura.ac.id
Muslim University of Indonesia,Makassar,http://www.umi.ac.id
Muslim University of Maros,Maros,Webpage-Not-Found
Nagoya Indonesia College of Economics of Batam,Batam,http://www.stie-nagoya-indonesia.com
Nagoya Indonesian College of Economics,Batam,http://www.stie-nagoya-indonesia.web.id
"Nahdlatul Ulama College of Islamic Studies, Madiun",Madiun,http://stainumadiun.ac.id
"Nahdlatul Ulama Institute of Islamic Studies, Kebumen",Kebumen,http://www.iainukebumen.ac.id
Nahdlatul Ulama Islamic University of Jepara,Jepara,https://unisnu.ac.id
Nahdlatul Ulama University of Blitar,Blitar,http://www.unublitar.ac.id
Nahdlatul Ulama University of Cirebon,Cirebon,http://unucirebon.ac.id
Nahdlatul Ulama University of East Kalimantan,Samarinda,http://www.unukaltim.ac.id
Nahdlatul Ulama University of Indonesia,Jakarta Pusat,http://www.unuindonesia.ac.id
Nahdlatul Ulama University of Lampung,Lampung Timur,http://unulampung.ac.id
Nahdlatul Ulama University of Nusa Tenggara Barat,Mataram,https://www.unu-ntb.ac.id
Nahdlatul Ulama University of Purwokerto,Banyumas,http://www.unupurwokerto.ac.id
Nahdlatul Ulama University of South Kalimantan,Banjar,http://www.unukase.ac.id
Nahdlatul Ulama University of Sumatera Utara,Medan,https://www.unusu.ac.id
Nahdlatul Ulama University of Surabaya,Surabaya,http://unusa.ac.id
Nahdlatul Ulama University of Surakarta,Surakarta,http://www.unu.ac.id
Nahdlatul Ulama University of West Kalimantan,Pontianak,http://www.unukalbar.ac.id
Nahdlatul Ulama University of West Sumatra,Padang,http://www.unusumbar.ac.id
Nahdlatul Ulama University of Yogyakarta,Yogyakarta,http://unu-jogja.ac.id
Nahdlatul Wathan University of Mataram,Mataram,http://unwmataram.ac.id
Namira Madina College of Health Sciences Panyabungan,Mandailing Natal,Webpage-Not-Found
Nani Bili Nusantara University,Sorong,http://www.unbn.ac.id
Narotama University,Surabaya,http://www.narotama.ac.id
National College of Health Sciences,Surakarta,https://stikesnas.ac.id
"National College of Technology, Yogyakarta",Sleman,http://sttnas.ac.id
"National Development College of Economics, North Sumatera",Nias,http://stiepembnas.ac.id
National Institute of Science and Technology,Jakarta Selatan,http://www.istn.ac.id
National School of Administrative Sciences,Lhokseumawe,https://stianasionallhokseumawe.ac.id
National University,Jakarta,http://www.unas.ac.id
National University of Education,Denpasar,http://www.undiknas.ac.id
National Veteran Development University of East Java,Surabaya,http://www.upnjatim.ac.id
Nganjuk College of Economics,Nganjuk,http://stienganjuk.ac.id
Ngudi Waluyo University,Semarang,http://www.unw.ac.id
Ngudia Husada Madura College of Health Sciences,Bangkalan,http://www.nhm.ac.id
Ngurah Rai University,Denpasar Timur,http://www.unr.ac.id
Nias Selatan College of Law,Nias Selatan,Webpage-Not-Found
"Nitro College of Management, Makassar",Makassar,http://www.nitromks.ac.id
Nobel Indonesia College of Economics,Makassar,http://stienobel-indonesia.ac.id
Nommensen HKBP University,Medan,https://uhn.ac.id
North Sulawesi University of Technology,Manado,http://www.utsu.ac.id
North Sumatra College of Health Sciences,Tuntungan,http://www.stikessu.ac.id
Nuku University,Tidore,Webpage-Not-Found
"Nurdin Hamzah College of Computer Science, Jambi",Jambi,https://www.stmiknh.ac.id
Nurtanio University of Bandung,Bandung,http://www.unnur.ac.id
Nurul Hakim Institute of Islamic Studies,Lombok Barat,Webpage-Not-Found
Nurul Jadid University,Probolinggo,https://unuja.ac.id
Nusa Bangsa College of Economics,Medan,http://www.stienusba.ac.id
Nusa Bangsa University,Bogor,http://www.unb.ac.id
Nusa Lontar Rote University,Kabupaten Rote Ndao,Webpage-Not-Found
Nusa Nipa University,Maumere,http://www.nusanipa.ac.id
Nusa Putra University,Sukabumi,http://www.nusaputra.ac.id
Nusa Tenggara Barat University,Mataram,http://www.untb.ac.id
Nusantara Al-Washliyah Muslim University,Medan,http://www.umnaw.ac.id
Nusantara Business Institute,Jakarta,http://www.ibn.ac.id
"Nusantara College of Economics, Makassar",Makassar,Webpage-Not-Found
Nusantara College of Health Sciences,Kupang,http://stikesnusantara-kupang.ac.id
Nusantara Multimedia University,Tangerang,http://www.umn.ac.id/
Nusantara Timbul University,Jakarta Barat,http://utira-ibek.ac.id
Nusantara University Manado,Manado,http://www.nusantara.ac.id
Nusantara University of Technology,Serang,http://www.utn.ac.id
Open University,Banten,http://www.ut.ac.id
Ottow and Geissler College of Economics,Jayapura,Webpage-Not-Found
Ottow Geissler University,Abepura,http://www.uogp.ac.id
Padang College of Law,Padang,Webpage-Not-Found
Padang Institute of Technology,Padang,https://itp.ac.id
Padangsidimpuan Graha Nusantara University,Padangsidimpuan,http://ugn.ac.id
Padangsidimpuan State Islamic Institute,Padang Sidempuan,http://www.iain-padangsidimpuan.ac.id
Padjadjaran University,Jatinagor,http://www.unpad.ac.id
Pagaruyung School of Administrative Sciences,Tanah Datar,Webpage-Not-Found
Pahlawan 12 College of Social and Political Sciences,Bangka,http://www.stisipolp12.ac.id
Pahlawan Tuanku Tambusai University,Kampar,http://universitaspahlawan.ac.id
"Painan College of Law, Tangerang",Tangerang,http://stihpainan.ac.id
Pakuan University,Bogor,http://www.unpak.ac.id
Palangka Raya College of Economics,Palangka Raya,http://stiepalangkaraya.ac.id
Palangka Raya State Islamic Institute,Palangka Raya,http://iain-palangkaraya.ac.id
Palangka Raya University,Palangka Raya,http://www.upr.ac.id
Palapa Institute of Science and Technology,Malang,Webpage-Not-Found
Palembang University,Palembang,http://unpal.ac.id
Palopo State Islamic Institute,Palopo,http://iainpalopo.ac.id
Palu College of Law and Political Sciences,Palu,Webpage-Not-Found
Palu State Islamic Institute,Palu,http://iainpalu.ac.id
Pamentas College of Health Sciences,Jakarta Selatan,http://www.stikespamentas.ac.id
Pamulang University,Tangerang,http://unpam.ac.id
"Panca Bhakti College of Economics, Palu",Palu,http://stiepbpalu.ac.id
Panca Bhakti College of Social and Political Sciences,Palu,Webpage-Not-Found
Panca Bhakti University,Pontianak,http://upb.ac.id
Panca Marga University,Probolinggo,http://upm.ac.id
Pancamarga School of Administrative Sciences of Palu,Palu,http://stiapancamarga.ac.id
Pancasakti University,Makassar,http://unpacti.ac.id
Pancasakti University of Tegal,Tegal,http://www.upstegal.ac.id
Pancasetia College of Economics,Banjarmasin,http://www.stiepancasetia.ac.id
Pancasila University,Jakarta Selatan,http://www.univpancasila.ac.id
Pandanaran University of Semarang,Semarang,http://www.unpand.ac.id
"Pangeran Diponegoro Institute of Islamic Studies, Nganjuk",Nganjuk,Webpage-Not-Found
Panglima Sudirman School of Administrative Sciences,Surabaya,https://stiapas.ac.id
Panji Sakti University of Singaraja,Singaraja,http://unipas.ac.id
Panrita Husada College of Health Sciences,Bulukumba,http://stikespanritahusada.ac.id
Pante Kulu Forestry College,Banda Aceh,Webpage-Not-Found
Papua Christian University,Sorong,http://www.ukip.ac.id
Papua College of Health Sciences,Sorong,Webpage-Not-Found
Papua University,Manokwari,http://www.unipa.ac.id
Papua Yapis University,Jayapura,http://www.uniyap.ac.id
Parahyangan Catholic University,Bandung,http://www.unpar.ac.id
Paramadina University,Jakarta Selatan,http://www.paramadina.ac.id
Parepare State Islamic Institute,Parepare,http://www.iainpare.ac.id
Pasaman College of Economics,Pasaman Barat,http://www.stiepasaman.ac.id
"Pase College of Management, Langsa",Langsa,Webpage-Not-Found
"Pasim College of Economics, Sukabumi",Sukabumi,https://stiepasim.ac.id
Pasim National University,Bandung,http://www.pasim.ac.id
Pasir Pengaraian University,Pasir Pengaraian,http://www.upp.ac.id
Pasundan College of Economics,Bandung,http://www.stiepas.ac.id
Pasundan College of Law,Sukabumi,http://www.www.sth-pasundan.ac.id
Pasundan University,Bandung,http://www.unpas.ac.id
Patria Artha University,Makassar,http://www.patria-artha.ac.id
Pattimura University,Ambon,http://www.unpatti.ac.id
Paul Christian University of Indonesia,Makassar,http://ukipaulus.ac.id
Pawyatan Daha University,Kediri,http://updkediri.ac.id
Payung Negeri College of Health Sciences,Pekanbaru,https://www.stikes.payungnegeri.ac.id
Pekalongan State Islamic Institute,Pekalongan,http://www.iainpekalongan.ac.id
Pekalongan University,Pekalongan,http://www.unikal.ac.id
Pelamonia Kesdam VII Wirabuana College of Health Sciences,Makassar,https://stikespelamonia.ac.id
Pelita Bagsa College of Economics,Binjai Utara,Webpage-Not-Found
Pelita Bangsa School of Teacher Training and Educational Science,Binjai Utara,Webpage-Not-Found
Pelita Harapan University,Tangerang,http://www.uph.edu
Pelita Nusantara School of Administrative Sciences,Nagan Raya,http://www.stia-naganraya.ac.id
Pembangunan Indonesia College of Economics,Makassar,Webpage-Not-Found
Pembangunan Jaya University,Ciputat,http://www.upj.ac.id
Pembangunan School of Administrative Sciences - Jember,Jember,http://www.stiapembangunanjember.ac.id
Pembangunan School of Administrative Sciences - Palu,Palu,Webpage-Not-Found
Pemkab Jombang College of Health Sciences,Jombang,http://www.stikespemkabjombang.ac.id
Pengayoman College of Law,Bone,Webpage-Not-Found
Penguji School of Economics,Sukabumi,http://www.stiepenguji.ac.id
Peradaban University,Brebes,http://peradaban.ac.id
"Perbanas College of Economics, Surabaya",Surabaya,http://www.perbanas.ac.id
Perbanas Institute,Jakarta Selatan,http://perbanas.id
Perdana Mandiri College of Economics,Purwakarta,http://stieb-perdanamandiri.ac.id
Perjuangan University of Takismalaya,Tasikmalaya,http://www.unper.ac.id
Permata Nusantara College of Health Sciences,Bangka,Webpage-Not-Found
Permata Nusantara College of Health Sciences,Sungai Liat,Webpage-Not-Found
Persada Bunda College of Law,Pekanbaru,http://www.persadabunda.ac.id
Persada Bunda College of Social and Political Sciences,Pekanbaru,http://persadabunda.ac.id
Persada Bunda Foreign Language College,Pekanbaru,Webpage-Not-Found
Persada Indonesian YAI University,Jakarta,http://www.upi-yai.ac.id
Pertamedika College of Health Sciences,Jakarta Selatan,http://www.stikes-pertamedika.ac.id
Pertamina University,Jakarta Selatan,https://universitaspertamina.ac.id
Pertiba College of Economics,Pangkalpinang,http://www.stiepertiba.ac.id
Pertiba Pangkalpinang College of Law,Pangkalpinang,http://www.stihpertiba.ac.id
Pertiwi College of Economics,Bekasi,https://stie-pertiwi.ac.id
Pertiwi Indonesia Foreign Language College,Jakarta Timur,http://www.stba-pertiwi.com
Pesantren Tinggi Darul Ulum University,Jombang,http://www.unipdu.ac.id
Petra Christian University,Surabaya,http://www.petra.ac.id
"PGRI College of Computer Science, Banyuwangi",Banyuwangi,http://www.stikombanyuwangi.ac.id
"PGRI Dewantara College of Economics, Jombang",Jombang,https://www.stiedewantara.ac.id
PGRI Sukabumi College of Economics,Sukabumi,https://web.stiepgri.ac.id
PGRI University of Madiun,Madiun,http://www.unipma.ac.id
PGRI University of Palangka Raya,Palangka Raya,http://www.upgriplk.ac.id
PGRI University of Palembang,Palembang,http://www.univpgri-palembang.ac.id
PGRI University of Semarang,Semarang,https://www.upgris.ac.id
PGRI University of Yogyakarta,Yogyakarta,http://www.upy.ac.id
Pineleng Seminary College of Philosophy,Manado,https://stfsp.ac.id
"Pioneer College of Economics, Manado",Manado,Webpage-Not-Found
Podomoro University,D.K.I. Jakarta,http://podomorouniversity.ac.id
Ponorogo State Islamic Institute,Ponorogo,http://www.iainponorogo.ac.id
Pontianak College of Economics,Pontianak,http://stiepontianak.ac.id
Pontianak Foreign Language College,Pontianak,http://www.stbapontianak.ac.id
Pontianak State Islamic Institute,Pontianak,http://iainptk.ac.id
Potensi Utama University,Medan,http://www.potensi-utama.ac.id
PPM School of Management,Jakarta,https://ppmschool.ac.id
Prabumulih College of Economics,Prabumulih Selatan,http://stieypprabumulih.ac.id
Prakarti Mulya College of Economics,Pekanbaru,http://www.stie-prakartimulya.ac.id
Prasetiya Mulya University,Tangerang,http://www.prasetiyamulya.ac.id
Prayoga Foreign Language College,Padang,http://www.stba-prayoga.ac.id
President University,Bekasi,http://www.president.ac.id
Prima School of Administrative Sciences,Bone,http://www.stiaprima.ac.id
Prof. Dr. Moestopo University,Jakarta,http://www.moestopo.ac.id
Professional College of Economics of Indonesia,Medan,Webpage-Not-Found
Professional Management College Indonesia,Medan,http://www.pmci.ac.id
Proklamasi '45 University - The University of Petroleum,Yogyakarta,http://www.up45.ac.id
Puangrimaggalatung University,Wajo,https://www.stkipprima.ac.id
Purna Bhakti Husada College of Health Sciences,Batusangkar,Webpage-Not-Found
Purna Graha College of Economics,Pekanbaru,http://purnagraha.ac.id
Purwokerto State Islamic Institute,Purwokerto,http://iainpurwokerto.ac.id
Putera Banjar College of Health Sciences,Banjar,http://stikesbp.ac.id
Putra Indonesia 'YPTK' University of Padang,Padang,http://www.yptk.ac.id
Putra Indonesia University,Cianjur,https://www.unpi-cianjur.ac.id
Qamarul Huda Institute of Islamic Studies,Lombok Tengah,http://www.iaiqamarulhuda.ac.id
Qomaruddin Institute of Islamic Studies,Gresik,http://iaiqomaruddin.ac.id
Quality University,Medan,http://www.universitasquality.ac.id
Queen's University Samban - North Bengkulu,Arga Makmur,http://unras.ac.id
Raden Fatah State Islamic University,Palembang,http://radenfatah.ac.id
Raden Intan State Islamic University,Bandar Lampung,https://www.radenintan.ac.id
Raden Rahmat Islamic University,Malang,http://uniramalang.ac.id
Ragam Tunas College of Economics,Kotabumi,http://stieratula.ac.id
"Ragam Tunas College of Economics, Lampung",Kotabumi Selatan,Webpage-Not-Found
Rahmaniyah College of Economics,Musi Banyuasin,http://www.stier.ac.id
Rahmaniyah College of Law,Musi Banyuasin,http://rahmaniyah.ac.id
Raja Ali Haji Maritime University,Tanjung Pinang,http://www.umrah.ac.id
Rajawali College of Health Sciences,Bandung,http://www.stikesrajawali.ac.id
Respati College of Health Sciences,Tasikmalaya,http://stikesrespati-tsm.ac.id
Respati Indonesian University,Jakarta Timur,http://www.urindo.ac.id
Respati University of Yogyakarta,Sleman,http://www.respati.ac.id
Riama College of Economics,Medan,Webpage-Not-Found
Riau University,Pekanbaru,http://www.unri.ac.id
Riyadlatul Mujahidin Ngabar Institute of Islamic Studies,Ponorogo,http://iainponorogo.ac.id
Ronggolawe PGRI University,Tuban,http://unirow.ac.id
Royal College of Computer Sciences,Asahan,https://stmikroyal.ac.id
Sabang College of Economics,Banda Aceh,http://www.sties-aceh.ac.id
Saburai University,Bandar Lampung,http://www.saburai.ac.id
"Sahid Institute of Islamic Studies, Bogor",Bogor,http://inaisbogor.ac.id
Sahid University,Jakarta Selatan,http://www.usahid.ac.id
Sahid University of Surakarta,Surakarta,http://usahidsolo.ac.id
Said Perintah School of Administrative Sciences,Maluku Tengah,Webpage-Not-Found
Sailendra College of Economics,Jakarta Selatan,Webpage-Not-Found
Saint Thomas Catholic University,Medan,http://www.ust.ac.id
Salatiga State Islamic Institute,Salatiga,http://iainsalatiga.ac.id
Salewangan Maros College of Health Sciences,Maros,Webpage-Not-Found
Sam Ratulangi University,Manado,http://www.unsrat.ac.id
Samarinda College of Economics,Samarinda,http://stiesam.ac.id
Samarinda College of Management,Samarinda,http://www.stimisamarinda.ac.id
Samarinda State Islamic Institute,Samarinda,http://www.iain-samarinda.ac.id
Samawa Rea Institute of Social and Cultural Studies,Sumbawa Besar,https://www.iisbud.ac.id
Samawa University,Sumbawa Besar,http://www.universitassamawa.ac.id
Sampit College of Economics,Kotawaringin Timur,http://stiesampit.ac.id
Sampoerna University,Jakarta Selatan,http://www.sampoernauniversity.ac.id
Samudra University,Langsa Lama,https://unsam.ac.id
Sanata Dharma University,Yogyakarta,http://www.usd.ac.id
Sandikta School of Administrative Sciences,Bekasi,http://stiasandikta.ac.id
Sangga Buana University,Bandung,http://www.usbypkp.ac.id
Santa Ursula College of Economics,Jakarta Barat,http://www.santaursula.ac.id
Santo Borromeus College of Health Sciences,Bandung Barat,http://stikesborromeus.ac.id
Sari Mulia University,Kota Banjarmasin,https://unism.ac.id
Sari Mutiara University,Medan,http://www.sari-mutiara.ac.id
Sari Putra University at Tomohon,Tomohon,http://unsrittomohon.ac.id
Sarjanawiyata Tamansiswa University,Yogyakarta,http://www.ustjogja.ac.id
Satria College of Economics of Purwokerto,Banyumas,https://www.stiesatria.ac.id
Satu Nusa College of Economics,Bandar Lampung,Webpage-Not-Found
Satya Dharma College of Economics,Buleleng,http://www.stiesatyadharma.ac.id
Satya Negara University of Indonesia,Jakarta Selatan,http://www.usni.ac.id
Satya Wacana Christian University,Salatiga,https://www.uksw.edu
Satya Widya Foreign Language School,Surabaya,http://www.stiba-satyawidya.ac.id
Satya Wiyata Mandala University,Nabire,http://uswim.ac.id
Satyagama University,Jakarta Barat,http://www.satyagama.ac.id
Saumlaki School of Administrative Sciences,Maluku Tenggara Barat,Webpage-Not-Found
Sawerigading University of Makassar,Makassar,http://www.unsamakassar.ac.id
SBI College of Economics,Yogyakarta,http://stie-sbi.ac.id
School of Administrative Sciences and Port Management of Barunawati,Surabaya,http://www.stiamak.ac.id
School of Administrative Sciences Nusantara Sakti Sungai Penuh,Sungai Penuh,http://stianusa.ac.id
School of Administrative Sciences of Langgur,Maluku Tenggara,Webpage-Not-Found
School of Administrative Sciences of Mataram,Mataram,http://www.stiamataram.ac.id
School of Administrative Sciences Satya Negara,Palembang,https://stiasatyanegara.ac.id
School of Business Computing and Computer Science Atma Luhur,Pangkal Pinang,http://www.atmaluhur.ac.id
School of Informatic Management and Computer Engineering - STIKOM SURABAYA,Surabaya,http://www.stikom.edu
School of Information Management and Computer LIKMI,Bandung,https://likmi.ac.id
School of Information Technology NIIT I-TECH,Jakarta Selatan,http://www.i-tech.ac.id
School of Science and Technology Indonesia,Bandung,http://www.inten.ac.id
Sebelas April College of Economics,Sumedang,http://www.stie11april-sumedang.ac.id
Sebelas April Foreign Language College,Sumedang,Webpage-Not-Found
Sebelas April School of Administrative Sciences,Sumedang,http://stiasebelasapril.ac.id
Sebelas Maret University,Surakarta,http://www.uns.ac.id
Sekolah Tinggi Ilmu Administrasi Tabalong,Tabalong,https://stiatabalong.ac.id
Selamat Sri University,Kendal,http://uniss.ac.id
Semarang University,Semarang,http://usm.ac.id
Semarang Veteran Institute of Teacher Training and Educational Science,Semarang,http://www.ikip-veteran.ac.id
Semen Indonesia International University,Gresik,http://www.uisi.ac.id
Sepuluh Nopember Institute of Technology,Surabaya,https://www.its.ac.id
Serambi Mekkah University,Banda Aceh,http://www.serambimekkah.ac.id
Serang Raya University,Serang,http://www.unsera.ac.id
"Serasan College of Economics, Muara Enim",Muara Enim,Webpage-Not-Found
Serasan Muara Enim College of Law,Muara Enim,http://www.stihserasan.ac.id
Serelo Lahat College of Economics,Lahat,http://www.stieserelo.ac.id
Setia Budi Mandiri University,Medan,http://www.usbm.ac.id
Setia Budi University of Surakarta,Surakarta,http://www.setiabudi.ac.id
Setih Setio School of Administrative Sciences,Bungo,http://www.stiasetihsetiomb.ac.id
Shalahuddin Al-Ayyubi Institute of Islamic Studies,Bekasi,http://www.yapink.net
Sheikh Yusuf Islamic University of Tangerang,Tangerang,http://www.unistangerang.ac.id
Sidoarjo Nahdlatul Ulama University,Sidoarjo,http://www.unusida.ac.id
"Silas Papare College of Social and Political Sciences, Jayapura",Jayapura,Webpage-Not-Found
Siliwangi Institute of Education and Teacher Training,Cimahi,https://ikipsiliwangi.ac.id
Siliwangi University,Tasikmalaya,http://www.unsil.ac.id
Simalungun University,Pematang Siantar,http://www.usi.ac.id
Singaperbangsa University of Karawang,Karawang,http://www.unsika.ac.id
Sint Carolus College of Health Sciences,Jakarta Pusat,http://www.stik-sintcarolus.ac.id
Sintuwu Maroso Poso University,Sulawesi Tengah,http://unsimar.ac.id
Sisingamangaraja XII University,Medan,http://www.univ.sisingamangaraja.ac.id
Sismadi College of Health Sciences,Jakarta Utara,http://www.stikes-sismadi.ac.id
Siti Khadijah College of Health Sciences,Palembang,http://stikes-sitikhadijah.ac.id
Sjakhyakirti University,Palembang,http//:www.unisti.ac.id
Slamet Riyadi University,Surakarta,http://www.unisri.ac.id
Soegijapranata Catholic University,Semarang,http://www.unika.ac.id
Soelthan M Tsjafioeddin College of Law,Singkawang Barat,Webpage-Not-Found
Soerjo University,Ngawi,https://unsoer.ac.id
South Nias College of Economics,Nias Selatan,http://www.stienisel.ac.id
Southeastern Sulawesi University,Kendari,http://www.un-sultra.ac.id
Sriwijaya University,Indralaya,http://www.unsri.ac.id
St Fatimah College of Health Sciences,Mamuju,http://stikesfatimahmamuju.ac.id
St. Pignatelli College of Economics,Surakarta,http://www.stiepignatelli.ac.id
"State Institute of Islamic Studies, Bone",Bone,http://www.stain-watampone.ac.id
"State Institute of Islamic Studies, Curup",Rejang Lebong,http://www.staincurup.ac.id
"State Institute of Islamic Studies, Kediri",Kediri,https://iainkediri.ac.id
State Islamic University Antasari,Banjarmasin,http://www.uin-antasari.ac.id
State Islamic University Imam Bonjol Padang,Padang,http://uinib.ac.id
State Islamic University of Alauddin,Makassar,http://uin-alauddin.ac.id
State Islamic University of Mataram,Mataram,http://www2.uinmataram.ac.id
State Islamic University of North Sumatra,Medan,http://uinsu.ac.id
State Islamic University of Sultan Maulana Hasanuddin,Serang,http://uinbanten.ac.id
State Islamic University of Sultan Syarif Kasim,Pekanbaru,https://uin-suska.ac.id
State Islamic University of Sultan Thaha Saifuddin Jambi,Jambi,https://uinjambi.ac.id
State Islamic University Sunan Kalijaga Yogyakarta,Yogyakarta,http://www.uin-suka.ac.id
State Islamic University Syarif Hidayatulla Jakarta,Tangerang Selatan,http://www.uinjkt.ac.id
State University of Gorontalo,Gorontalo,http://www.ung.ac.id
State University of Jakarta,Jakarta Timur,http://www.unj.ac.id
State University of Makassar,Makassar,http://unm.ac.id
State University of Malang,Malang,http://www.um.ac.id
State University of Manado,Tondano,http://www.unima.ac.id
State University of Medan,Medan,https://www.unimed.ac.id
State University of Padang,Padang,http://www.unp.ac.id
State University of Semarang,Semarang,http://www.unnes.ac.id
State University of Surabaya,Surabaya,http://www.unesa.ac.id
State University of Yogyakarta,Yogyakarta,http://www.uny.ac.id
Stella Maris Makasar College of Health Sciences,Makassar,https://www.stikstellamarismks.ac.id
STEMBI - Bandung Business School,Bandung,http://www.stiestembi.ac.id
STIAMI Institute of Social Studies and Management,Jakarta Pusat,http://www.stiami.ac.id
STIE Bumi Persada Lhokseumawe,Lhokseumawe,http://stiebumipersada.ac.id
STIE Ottow dan Geissler Fak-fak,Fak-Fak,Webpage-Not-Found
STIE YKPN Yogyakarta,Yogyakarta,http://www.stieykpn.ac.id
Stikubank University,Semarang,http://www.unisbank.ac.id
Stiper Institute of Agriculture,Sleman,http://www.instiperjogja.ac.id
STMIK Budi Darma,Medan,http://www.stmik-budidarma.ac.id
Subang University,Subang,http://www.unsub.ac.id
Sukabumi College of Health Sciences,Sukabumi,Webpage-Not-Found
Sukuma College of Management,Medan,http://stimsukmamedan.ac.id
Sulawesi Tenggara Nahdlatul Ulama University,Kendari,http://unusra.ac.id
Sulawesi University of Technology,Makassar,http://www.utsmakassar.ac.id
Sultan Adam College of Law,Banjarmasin,https://stihsa.ac.id
Sultan Ageng Tirtayasa University,Serang,http://www.untirta.ac.id
Sultan Agung College of Economics,Pematang Siantar,http://www.stiesultanagung.ac.id
Sultan Agung Islamic University,Semarang,http://www.unissula.ac.id
Sultan Amai Gorontalo State Islamic Institute,Gorontalo,http://iaingorontalo.ac.id
Sultan Fatah University,Demak,http://www.unisfat.ac.id
Sultan Muhammad Syafiuddin Institute of Islamic Studies,Sambas,http://iaisambas.ac.id
Sumatera Utara University,Medan,http://www.usu.ac.id
Sumatra Istitute of Technology,Lampung Selatan,http://www.itera.ac.id
Sumpah Pemuda School of Law,Palembang,http://www.stihpada.ac.id
Sunan Ampel State Islamic University,Surabaya,http://www.uinsby.ac.id
Sunan Bonang University,Tuban,http://www.usb.ac.id
Sunan Giri College of Law,Malang,http://www.stih-malang.ac.id
"Sunan Giri Institute of Islamic Studies, Bojonegoro",Bojonegoro,http://sunan-giri.ac.id
"Sunan Giri Institute of Islamic Studies, Ponorogo",Ponorogo,http://insuri-ponorogo.ac.id
Sunan Giri Nahdlatul Ulama University,Bojonegoro,http://www.unugiri.ac.id
Sunan Giri University,Surabaya,http://www.unsuri.ac.id
Sunan Gunung Djati State Islamic University,Bandung,http://www.uinsgd.ac.id
Surabaya '45 University,Surabaya,http://www.univ45sby.ac.id
Surabaya College of Health Sciences,Surabaya,http://www.stikes-sby.ac.id
Surabaya Institute of Technology Development,Surabaya,http://www.itps.ac.id
Surabaya University,Surabaya,http://www.ubaya.ac.id
Surabaya University of Technology,Surabaya,http://www.ypps-uts.ac.id
Surakarta College of Economics,Surakarta,http://stiesurakarta.ac.id
Surakarta State Islamic Institute,Sukoharjo,https://iain-surakarta.ac.id
Surakarta University,Surakarta,http://www.unsa.ac.id
Surapati University,Jakarta Timur,http://www.surapati.ac.id
Surya Global College of Health Sciences,Bantul,http://www.stikessuryaglobal.ac.id
Surya Nusantara College of Economics,Pematang Siantar,Webpage-Not-Found
Surya University,Tangerang,http://www.surya.ac.id
Suryadarma Aerospace Engineering University,Jakarta Timur,http://universitassuryadarma.ac.id
Suryakancana University,Cianjur,http://unsur.ac.id
Sutomo University,Medan,https://unsut.ac.id
Swadaya College of Economics,Jakarta Timur,http://www.stieswadaya.ac.id
"Swadaya College of Economics, Manado",Manado,http://www.stieswadaya.ypgb.ac.id
"Swadaya College of Economics, Medan",Medan,Webpage-Not-Found
Swadaya College of Law,Medan,Webpage-Not-Found
Swadaya Foreign Language College,Medan,Webpage-Not-Found
Swadaya Gunung Jati University,Cirebon,http://www.unswagati.ac.id
Swiss German University,Tangerang,http://www.sgu.ac.id
Syaikh Abdurrahman Siddik State Islamic Institute,Mendo Barat,https://stainbabel.ac.id
Syarifuddin Institute of Islamic Studies,Lumajang,http://iaisyarifuddin.ac.id
Syedza Saintika College of Health Sciences,Padang,https://syedzasaintika.ac.id
Syiah Kuala University,Banda Aceh,http://www.unsyiah.ac.id
Syuhada College of Health Sciences Padangsidimpuan,Padang Sidempuan,http://www.stikessyuhada.ac.id
Tadulako University,Palu,http://www.untad.ac.id
"Tafaqquh Fiddin Institute of Islamic Studies, Dumai",Dumai,http://www.iaitfdumai.ac.id
Tama Jagakarsa University,Jakarta Selatan,http://www.jagakarsa.ac.id
Tamalatea College of Health Sciences,Makassar,https://stikmakassar.ac.id
Tamalatea Makassar College of Health Sciences,Makassar,https://www.stiktamalateamks.ac.id
Taman Siswa College of Economics,Jakarta Pusat,Webpage-Not-Found
Tamansiswa University Padang,Padang,http://www.unitas-pdg.ac.id
Tamansiswa University Palembang,Palembang,http://www.unitaspalembang.ac.id
"Tambun Bungai College of Law, Palangka Raya",Palangka Raya,http://www.stihtb.ac.id
Tana Toraja College of Health Sciences,Tana Toraja,http://stikestanatoraja.ac.id
Tanjungpura University,Pontianak,http://www.untan.ac.id
Tanri Abeng University,Pesanggarahan,http://tau.ac.id
Tarumanagara University,Jakarta Barat,http://www.untar.ac.id
Technocrat Foreign Language College,Tangerang,http://www.stbatechnocrat.ac.id
Technological University of Sumbawa,Sumbawa,http://www.uts.ac.id
"Telecom Technology Institute, Puwokerto",Purwokerto,http://www.ittelkom-pwt.ac.id
Telkom University,Bandung,http://telkomuniversity.ac.id
Ternate State Islamic Institute,Ternate,http://www.iain-ternate.ac.id
Teuku Umar University,Meureubo,http://utu.ac.id
Tidar University,Magelang Utara,http://untidar.ac.id
Timor University,Kupang Timor,http://www.unimor.ac.id
Tjut Nyak Dhien University,Medan,http://www.utnd.ac.id
Tomakaka University,Mamuju,http://www.universitastomakaka.ac.id
Tompotika Luwuk Banggai University,Luwuk Banggai,http://www.untika.ac.id
Toraja Christian University of Indonesia,Makale,http://ukitoraja.ac.id
Tri Bhakti Business School,Bekasi,http://stietribhakti.ac.id
Tri Dharma Widya College of Economics,Jakarta Pusat,http://stietdw.ac.id
Tri Mandiri Sakti College of Health Sciences of Bengkulu,Bengkulu,http://www.stikestms.ac.id
Trianandra College of Economics,Jakarta Selatan,http://www.stie-trianandra.web.id
"Tribakti Institute of Islamic Studies, Kediri",Kediri,https://iai-tribakti.ac.id
Tribhuwana Tunggadewi University,Malang,http://www.unitri.ac.id
Tribuana College of Economics,Bekasi,http://www.stie-tribuana.ac.id
Tribuana Kalabahi University,Kalabahi,http://untribkalabahi.ac.id
Tricom College of Economics,Medan,https://www.stietricom.ac.id
Tridharma College of Economics,Bandung,https://stietridharma.ac.id
Tridharma University,Balikpapan,http://www.untri.ac.id
Tridinanti University,Palembang,http://www.univ-tridinanti.ac.id
Triguna College of Economics,Jakarta Selatan,http://stie-triguna.ac.id
Trilogi University,Jakarta Selatan,http://trilogi.ac.id
Trinitas School of Administrative Sciences,Ambon,http://www.stiatrinitas.ac.id
Trisakti School of Management,Jakarta Barat,https://www.tsm.ac.id
Trisakti Transport Management Institute,Jakarta Timur,http://itltrisakti.ac.id
Trisakti University,Jakarta,http://www.trisakti.ac.id
Trisna Negara College of Economics,Ogan Komering Ulu Timu,Webpage-Not-Found
Trunajaya University of Bontang,Bontang,http://www.unijaya-bontang.ac.id
Trunojoyo University,Kamal Bangkalan,http://www.trunojoyo.ac.id
Tulang Bawang University,Bandar Lampung,http://www.utb.ac.id
Tulungagung State Islamic Institute,Tulungagung,http://www.iain-tulungagung.ac.id
Tulungagung University,Tulungagung,http://www.unita.ac.id
Tunas Nusantara College of Economics,Jakarta Timur,http://www.stietn.ac.id
Tunas Pembangunan University,Surakarta,http://www.utp.ac.id
Ubudiyah Indonesian University,Banda Aceh,https://www.uui.ac.id
Udayana University,Denpasar,http://www.unud.ac.id
Umel Mandiri College of Law,Jayapura,http://www.umelmandiri.ac.id
UniSadhuGuna Business School,Cilandak Barat,http://www.ubs-usg.ac.id
University of Karimun,Karimun,http://www.universitaskarimun.ac.id
University of North Tapanuli Sisingamangaraja XII,Siborong-Borong,Webpage-Not-Found
University of Nusa Cendana,Kupang,http://www.undana.ac.id
University of Prima Indonesia,Medan,http://unprimdn.ac.id
University of Prof. Dr. Hazairin SH,Bengkulu,http://www.unihaz.ac.id
University of Putera Batam,Batam,http://www.upbatam.ac.id
University of Riau Islands,Batam,http://unrika.ac.id
University of Science and Technology Jayapura,Abepura,http://ustj-papua.ac.id
University of Tabanan,Tabanan,http://universitastabanan.ac.id
University of Timika,Timika,Webpage-Not-Found
University of West Sulawesi,Majene,https://unsulbar.ac.id
Veteran National Development University of Jakarta,Jakarta Selatan,http://www.upnvj.ac.id
Veteran National Development University of Yogyakarta,Sleman,http://www.upnyk.ac.id
Victory University of Sorong,Sorong,http://www.unvicsorong.ac.id
W.R. Supratman University,Surabaya,http://www.unipra.ac.id
Wahid Hasyim University,Semarang,http://www.unwahas.ac.id
Wahidiyah University,Kediri,http://www.uniwa.ac.id
Walisongo State Islamic University of Semarang,Semarang,https://walisongo.ac.id
Warmadewa University,Denpasar,http://www.warmadewa.ac.id
West Sumatra College of Economics,Pariaman,http://stiesumbar.ac.id
Widya Dharma College of Public Health,Palembang,Webpage-Not-Found
Widya Dharma University of Klaten,Klaten,http://www.unwidha.ac.id
"Widya Gama College of Economics, Lumajang",Lumajang,https://stiewidyagamalumajang.ac.id
Widya Gama Mahakam University of Samarinda,Samarinda Utara,https://uwgm.ac.id
Widya Gama University of Malang,Malang,http://www.widyagama.ac.id
Widya Husada College of Health Sciences Medan,Medan,http://www.whmedan.ac.id
Widya Husada College of Health Sciences Semarang,Semarang,http://stikeswh.ac.id/wp
Widya Jayakarta College of Economics,Jakarta Selatan,http://www.widyajayakarta.ac.id
Widya Kartika University,Surabaya,http://www.widyakartika.ac.id
Widya Karya Catholic University,Malang,http://www.widyakarya.ac.id
Widya Mandala Catholic University of Madiun,Madiun,http://www.widyamandala.ac.id
Widya Mandala Catholic University of Surabaya,Surabaya,http://ukwms.ac.id
Widya Mandira Catholic University of Kupang,Kupang,http://www.unwira.ac.id
Widya Mataram University of Yogyakarta,Yogyakarta,http://www.widyamataram.ac.id
Widya Nusantara Palu College of Health Sciences,Palu,http://www.stikeswnpalu.ac.id/main
Widya Persada College of Economics,Jakarta Selatan,http://www.stiewidyapersada.ac.id
Widya Putra University,Surabaya,http://uwp.ac.id
Widyaswara Indonesian College of Economics,Solok Selatan,Webpage-Not-Found
Widyatama University,Bandung,http://www.widyatama.ac.id
Wijaya Kusuma University of Purwokerto,Purwokerto,http://www.unwiku.ac.id
Wijaya Kusuma University of Surabaya,Surabaya,http://www.uwks.ac.id
William Booth College of Health Sciences,Surabaya,http://stikeswilliambooth.ac.id
Winaya Mukti University,Bandung,http://unwim.ac.id
Wira Husada College of Health Sciences,Sleman,http://www.stikeswirahusada.ac.id
Wiralodra University,Indramayu,http://www.unwir.ac.id
Wiraraja University,Sumenep,http://wiraraja.ac.id
Wiraswasta University of Indonesia,Jatinegara,http://www.uwi.ac.id
Wisnuwardhana University,Malang,http://wisnuwardhana.ac.id
Wiyata Management Institute of Indonesia,Sukabumi,http://imwi.ac.id
Wiyatamandala School of Business,Jakarta Pusat,http://www.wiyatamandala.ac.id
Y P Kampus College of Economics,Padangsidimpuan Utara,Webpage-Not-Found
YAI College of Economics,Jakarta Pusat,http://stie.yai.ac.id
YAPARI College of Tourism and Economics,Bandung,http://www.stiepar.ac.id
YAPARI Foreign Language College,Bandung,http://stbayapariaba.ac.id
Yapata Al-jawami College of Islamic Studies,Bandung,http://www.stai-aljawami.ac.id
Yapika College of Health Sciences,Makassar,http://www.stikesyapika.ac.id
Yapis Biak Institute of Social and Political Sciences,Biak,http://www.iyb.ac.id
YAPMI Indonesian College of Management,Makassar,http://stimiyapmim.com
"YAPPI College of Administrative Sciences, Makassar",Makassar,Webpage-Not-Found
Yapti College of Economics of Jeneponto,Jeneponto,http://yapti.ac.id
Yarsi University,Jakarta Pusat,http://www.yarsi.ac.id
Yatsi College of Health Sciences,Tangerang,http://www.stikesyatsi.ac.id
"YBPK College of Economics, Palangka Raya",Palangka Raya,http://www.stieybpk.ac.id
YNI College of Law,Pematang Siantar,Webpage-Not-Found
Yogyakarta Institute of Agriculture,Yogyakarta,http://intan.ac.id
Yogyakarta Institute of Technology,Yogyakarta,http://www.ity.ac.id
Yogyakarta University of Technology,Sleman,http://www.uty.ac.id
Yos Sudarso University,Surabaya,http://www.uniyos.ac.id
YPAK Padang College of Health Sciences,Padang,http://stikesamanahpadang.ac.id
YPBI College of Economics,Jakarta Timur,http://stie-ypbi.p2k.co.id
YPHB College of Economics,Banda Aceh,Webpage-Not-Found
YPIB College of Health Sciences,Majalengka,http://stikesypib.ac.id
YPPT Tasikmalaya School of Administrative Sciences,Tasikmalaya,http://www.stia-tasik.ac.id
Yudharta Pasuruan University,Pasuruan,http://www.yudharta.ac.id
"Yunisla Foreign Language College, Bandar Lampung",Lampung Selatan,Webpage-Not-Found
"Yupentek College of Social and Political Sciences, Tangerang",Tangerang,http://www.stisip-yuppentek.ac.id
Zainul Hasan Genggong College of Law,Probolinggo,http://www.stihzainulhasan.ac.id
Aisyiyah University of Yogyakarta,Sleman,http://www.unisayogya.ac.id
