institute,city,url
Bournemouth University,Poole,https://www.bournemouth.ac.uk
Cardiff Metropolitan University,Cardiff,https://www.cardiffmet.ac.uk
Durham University,Durham,https://www.durham.ac.uk
Leeds Trinity University,Leeds,https://www.leedstrinity.ac.uk
University of London,London,https://www.london.ac.uk
Aberystwyth University,Aberystwyth,http://www.aber.ac.uk
Anglia Ruskin University,Chelmsford,https://aru.ac.uk
Anglo-European College of Chiropractic,Bournemouth,https://www.aecc.ac.uk
Arden University,Coventry,https://arden.ac.uk
Arts University Bournemouth,Poole,https://aub.ac.uk
Ashridge Business School,Berkhamsted,https://www.hult.edu
Aston University,Birmingham,https://www.aston.ac.uk
Bangor University,Bangor,https://www.bangor.ac.uk
Bath Spa University,Bath,https://www.bathspa.ac.uk
Birkbeck - University of London,London,https://www.bbk.ac.uk
Birmingham City University,Birmingham,https://www.bcu.ac.uk
Bishop Grosseteste University,Lincoln,https://www.bgu.ac.uk
BPP University,London,https://www.bpp.com
Brunel University London,Uxbridge,https://www.brunel.ac.uk
Buckinghamshire New University,High Wycombe,https://www.bucks.ac.uk
Canterbury Christ Church University,Canterbury,https://www.canterbury.ac.uk
Cardiff University,Cardiff,https://www.cardiff.ac.uk
City - University of London,London,https://www.city.ac.uk
Coventry University,Coventry,https://www.coventry.ac.uk
Cranfield University,Cranfield,https://www.cranfield.ac.uk
De Montfort University,Leicester,https://www.dmu.ac.uk
Edge Hill University,Ormskirk,https://www.edgehill.ac.uk
Edinburgh Napier University,Edinburgh,https://www.napier.ac.uk
Falmouth University,Falmouth,https://www.falmouth.ac.uk
Glasgow Caledonian University,Glasgow,https://www.gcu.ac.uk
Goldsmiths - University of London,London,https://www.gold.ac.uk
Guildhall School of Music and Drama,London,https://www.gsmd.ac.uk
Harper Adams University,Newport,https://www.harper-adams.ac.uk
Hartpury University,Gloucester,https://www.hartpury.ac.uk
Heriot-Watt University,Edinburgh,https://www.hw.ac.uk
Imperial College London,London,https://www.imperial.ac.uk
Keele University,Keele,https://www.keele.ac.uk
King's College London - University of London,London,https://www.kcl.ac.uk
Kingston University,Kingston-upon-Thames,https://www.kingston.ac.uk
Lancaster University,Lancaster,https://www.lancaster.ac.uk
Leeds Arts University,Leeds,https://www.leeds-art.ac.uk
Leeds Beckett University,Leeds,https://www.leedsbeckett.ac.uk
Liverpool Hope University,Liverpool,https://www.hope.ac.uk
Liverpool John Moores University,Liverpool,https://www.ljmu.ac.uk
Liverpool School of Tropical Medicine,Liverpool,https://www.lstmed.ac.uk
London Business School,London,http://www.london.edu
London Metropolitan University,London,https://www.londonmet.ac.uk
London School of Economics and Political Science - University of London,London,https://www.lse.ac.uk
London School of Hygiene and Tropical Medicine - University of London,London,https://www.lshtm.ac.uk
London South Bank University,London,https://www.lsbu.ac.uk
Loughborough University,Loughborough,https://www.lboro.ac.uk
Manchester Metropolitan University,Manchester,https://www.mmu.ac.uk
Middlesex University,Hendon,https://www.mdx.ac.uk
NCG,Newcastle upon Tyne,https://www.ncgrp.co.uk
Newcastle University,Newcastle-upon-Tyne,https://www.ncl.ac.uk
Newman University Birmingham,Birmingham,https://www.newman.ac.uk
Northumbria University,Newcastle-upon-Tyne,https://www.northumbria.ac.uk
Norwich University of the Arts,Norwich,https://www.nua.ac.uk
Nottingham Trent University,Nottingham,https://www.ntu.ac.uk
Oxford Brookes University,Oxford,https://www.brookes.ac.uk
Plymouth Marjon University,Plymouth,https://www.marjon.ac.uk
"Queen Margaret University, Edinburgh",Edinburgh,https://www.qmu.ac.uk
Queen Mary University of London,London,https://www.qmul.ac.uk
Queen's University Belfast,Belfast,https://www.qub.ac.uk
"Queen's University Belfast
St. Mary's University College Belfast",Belfast,https://www.stmarys-belfast.ac.uk
"Queen's University Belfast
Stranmillis University College",Belfast,https://www.stran.ac.uk
Ravensbourne University London,London,https://www.ravensbourne.ac.uk
Regent's University London,London,https://www.regents.ac.uk
"Richmond, The American International University in London",Richmond-upon-Thames,https://www.richmond.ac.uk
Robert Gordon University,Aberdeen,https://www.rgu.ac.uk
Roehampton University,London,https://www.roehampton.ac.uk
Rose Bruford College of Theatre and Performance,Sidcup,https://www.bruford.ac.uk
Royal Academy of Music - University of London,London,https://www.ram.ac.uk
Royal Agricultural University,Cirencester,https://www.rau.ac.uk
Royal College of Art,London,https://www.rca.ac.uk
Royal College of Music,London,https://www.rcm.ac.uk
Royal Conservatoire of Scotland,Glasgow,https://www.rcs.ac.uk
Royal Holloway - University of London,Egham,https://www.royalholloway.ac.uk
Royal Northern College of Music,Manchester,https://www.rncm.ac.uk
Sheffield Hallam University,Sheffield,https://www.shu.ac.uk
SOAS University of London,London,https://www.soas.ac.uk
Southampton Solent University,Southampton,https://www.solent.ac.uk
St. George's - University of London,London,https://www.sgul.ac.uk
St. Mary's University Twickenham,Twickenham,https://www.stmarys.ac.uk
Staffordshire University,Stoke-On-Trent,https://www.staffs.ac.uk
Swansea University,Swansea,https://www.swansea.ac.uk
Teesside University,Middlesbrough,https://www.tees.ac.uk
The London Institute of Banking and Finance,London,https://www.libf.ac.uk
The Open University,Milton Keynes,https://www.open.ac.uk
The Royal Veterinary College - University of London,London,https://www.rvc.ac.uk
The University of Buckingham,Buckingham,https://www.buckingham.ac.uk
The University of Edinburgh,Edinburgh,https://www.ed.ac.uk
The University of Law,Guildford,https://www.law.ac.uk
The University of Manchester,Manchester,https://www.manchester.ac.uk
The University of Sheffield,Sheffield,https://www.sheffield.ac.uk
Trinity Laban Conservatoire of Music and Dance,London,https://www.trinitylaban.ac.uk
UCL - University of London,London,https://www.ucl.ac.uk
University College Birmingham,Birmingham,https://www.ucb.ac.uk
University College of Estate Management,Reading,https://www.ucem.ac.uk
University College of Osteopathy,London,https://www.uco.ac.uk
University for the Creative Arts,Farnham,https://www.uca.ac.uk
University of Aberdeen,Aberdeen,https://www.abdn.ac.uk
University of Abertay Dundee,Dundee,https://www.abertay.ac.uk
University of Bath,Bath,https://www.bath.ac.uk
University of Bedfordshire,Luton,https://www.beds.ac.uk
University of Birmingham,Birmingham,https://www.birmingham.ac.uk
University of Bolton,Bolton,https://www.bolton.ac.uk
University of Bradford,Bradford,https://www.bradford.ac.uk
University of Brighton,Brighton,https://www.brighton.ac.uk
University of Bristol,Bristol,https://www.bristol.ac.uk
University of Cambridge,Cambridge,https://www.cam.ac.uk
"University of Cambridge
Christ's College",Cambridge,https://www.christs.cam.ac.uk
"University of Cambridge
Churchill College",Cambridge,https://www.chu.cam.ac.uk
"University of Cambridge
Clare College",Cambridge,https://www.clare.cam.ac.uk
"University of Cambridge
Clare Hall",Cambridge,https://www.clarehall.cam.ac.uk
"University of Cambridge
Corpus Christi College",Cambridge,https://www.corpus.cam.ac.uk
"University of Cambridge
Darwin College",Cambridge,https://www.darwin.cam.ac.uk
"University of Cambridge
Downing College",Cambridge,https://www.dow.cam.ac.uk
"University of Cambridge
Emmanuel College",Cambridge,https://www.emma.cam.ac.uk
"University of Cambridge
Fitzwilliam College",Cambridge,https://www.fitz.cam.ac.uk
"University of Cambridge
Girton College",Cambridge,https://www.girton.cam.ac.uk
"University of Cambridge
Gonville and Caius College",Cambridge,https://www.cai.cam.ac.uk
"University of Cambridge
Homerton College",Cambridge,https://www.homerton.cam.ac.uk
"University of Cambridge
Hughes Hall",Cambridge,https://www.hughes.cam.ac.uk
"University of Cambridge
Jesus College",Cambridge,https://www.jesus.cam.ac.uk
"University of Cambridge
King's College",Cambridge,https://www.kings.cam.ac.uk
"University of Cambridge
Lucy Cavendish College",Cambridge,https://www.lucy-cav.cam.ac.uk
"University of Cambridge
Magdalene College",Cambridge,http://www.magd.cam.ac.uk
"University of Cambridge
Murray Edwards College",Cambridge,https://www.murrayedwards.cam.ac.uk
"University of Cambridge
Newnham College",Cambridge,https://newn.cam.ac.uk
"University of Cambridge
Pembroke College",Cambridge,https://www.pem.cam.ac.uk
"University of Cambridge
Peterhouse",Cambridge,https://www.pet.cam.ac.uk
"University of Cambridge
Queens' College",Cambridge,https://www.queens.cam.ac.uk
"University of Cambridge
Robinson College",Cambridge,https://www.robinson.cam.ac.uk
"University of Cambridge
Selwyn College",Cambridge,https://www.sel.cam.ac.uk
"University of Cambridge
Sidney Sussex College",Cambridge,https://www.sid.cam.ac.uk
"University of Cambridge
St. Catharine's College",Cambridge,https://www.caths.cam.ac.uk
"University of Cambridge
St. Edmund's College",Cambridge,https://www.st-edmunds.cam.ac.uk
"University of Cambridge
St. John's College",Cambridge,https://www.joh.cam.ac.uk
"University of Cambridge
Trinity College",Cambridge,https://www.trin.cam.ac.uk
"University of Cambridge
Trinity Hall",Cambridge,https://www.trinhall.cam.ac.uk
"University of Cambridge
Wolfson College",Cambridge,https://www.wolfson.cam.ac.uk
University of Central Lancashire,Preston,https://www.uclan.ac.uk
University of Chester,Chester,https://www1.chester.ac.uk
University of Chichester,Chichester,https://www.chi.ac.uk
University of Cumbria,Carlisle,https://www.cumbria.ac.uk
University of Derby,Derby,https://www.derby.ac.uk
University of Dundee,Dundee,https://www.dundee.ac.uk
University of East Anglia,Norwich,https://www.uea.ac.uk
University of East London,London,http://www.uel.ac.uk
University of Essex,Colchester,https://www.essex.ac.uk
University of Exeter,Exeter,https://www.exeter.ac.uk
University of Glasgow,Glasgow,https://www.gla.ac.uk
University of Gloucestershire,Cheltenham,https://www.glos.ac.uk
University of Greenwich,London,https://www.gre.ac.uk
University of Hertfordshire,Hatfield,https://www.herts.ac.uk
University of Huddersfield,Huddersfield,https://www.hud.ac.uk
University of Hull,Hull,https://www.hull.ac.uk
University of Kent,Canterbury,https://www.kent.ac.uk
University of Leeds,Leeds,https://www.leeds.ac.uk
University of Leicester,Leicester,https://le.ac.uk
University of Lincoln,Lincoln,https://www.lincoln.ac.uk
University of Liverpool,Liverpool,https://www.liverpool.ac.uk
"University of London
Royal Central School of Speech and Drama - University of London",London,https://www.cssd.ac.uk
"University of London
School of Advanced Study",London,https://www.sas.ac.uk
"University of London
The Courtauld Institute of Art",London,https://courtauld.ac.uk
"University of London
The Institute of Cancer Research",London,https://www.icr.ac.uk
"University of London
University of London Institute in Paris",Paris,https://www.london.ac.uk/institute-in-paris
University of Northampton,Northampton,https://www.northampton.ac.uk
University of Nottingham,Nottingham,https://www.nottingham.ac.uk
University of Oxford,Oxford,https://www.ox.ac.uk
"University of Oxford
All Souls College",Oxford,http://www.all-souls.ox.ac.uk
"University of Oxford
Balliol College",Oxford,https://www.balliol.ox.ac.uk
"University of Oxford
Blackfriars",Oxford,https://www.bfriars.ox.ac.uk
"University of Oxford
Brasenose College",Oxford,https://www.bnc.ox.ac.uk
"University of Oxford
Campion Hall",Oxford,https://www.campion.ox.ac.uk
"University of Oxford
Christ Church",Oxford,https://www.chch.ox.ac.uk
"University of Oxford
Corpus Christi College",Oxford,https://www.ccc.ox.ac.uk
"University of Oxford
Exeter College",Oxford,https://www.exeter.ox.ac.uk
"University of Oxford
Green Templeton College",Oxford,https://www.gtc.ox.ac.uk
"University of Oxford
Harris Manchester College",Oxford,https://www.hmc.ox.ac.uk
"University of Oxford
Hertford College",Oxford,https://www.hertford.ox.ac.uk
"University of Oxford
Jesus College",Oxford,https://www.jesus.ox.ac.uk
"University of Oxford
Keble College",Oxford,https://www.keble.ox.ac.uk
"University of Oxford
Kellogg College",Oxford,https://www.kellogg.ox.ac.uk
"University of Oxford
Lady Margaret Hall",Oxford,https://www.lmh.ox.ac.uk
"University of Oxford
Linacre College",Oxford,https://www.linacre.ox.ac.uk
"University of Oxford
Lincoln College",Oxford,http://www.linc.ox.ac.uk
"University of Oxford
Magdalen College",Oxford,https://www.magd.ox.ac.uk
"University of Oxford
Mansfield College",Oxford,https://www.mansfield.ox.ac.uk
"University of Oxford
Merton College",Oxford,https://www.merton.ox.ac.uk
"University of Oxford
New College",Oxford,https://www.new.ox.ac.uk
"University of Oxford
Nuffield College",Oxford,http://www.nuff.ox.ac.uk
"University of Oxford
Oriel College",Oxford,https://www.oriel.ox.ac.uk
"University of Oxford
Pembroke College",Oxford,https://www.pmb.ox.ac.uk
"University of Oxford
Regent's Park College",Oxford,http://www.rpc.ox.ac.uk
"University of Oxford
Somerville College",Oxford,https://www.some.ox.ac.uk
"University of Oxford
St. Anne's College",Oxford,https://www.st-annes.ox.ac.uk
"University of Oxford
St. Antony's College",Oxford,https://www.sant.ox.ac.uk
"University of Oxford
St. Benet's Hall",Oxford,https://www.st-benets.ox.ac.uk
"University of Oxford
St. Catherine's College",Oxford,https://www.stcatz.ox.ac.uk
"University of Oxford
St. Cross College",Oxford,https://www.stx.ox.ac.uk
"University of Oxford
St. Edmund Hall",Oxford,https://www.seh.ox.ac.uk
"University of Oxford
St. Hilda's College",Oxford,https://www.st-hildas.ox.ac.uk
"University of Oxford
St. Hugh's College",Oxford,https://www.st-hughs.ox.ac.uk
"University of Oxford
St. John's College",Oxford,https://www.sjc.ox.ac.uk
"University of Oxford
St. Peter's College",Oxford,https://www.spc.ox.ac.uk
"University of Oxford
St. Stephen's House",Oxford,https://www.ssho.ox.ac.uk
"University of Oxford
The Queen's College",Oxford,https://www.queens.ox.ac.uk
"University of Oxford
Trinity College",Oxford,https://www.trinity.ox.ac.uk
"University of Oxford
University College",Oxford,https://www.univ.ox.ac.uk
"University of Oxford
Wadham College",Oxford,https://www.wadham.ox.ac.uk
"University of Oxford
Wolfson College",Oxford,http://www.wolfson.ox.ac.uk
"University of Oxford
Worcester College",Oxford,https://www.worc.ox.ac.uk
"University of Oxford
Wycliffe Hall",Oxford,https://www.wycliffe.ox.ac.uk
University of Plymouth,Plymouth,https://www.plymouth.ac.uk
University of Portsmouth,Portsmouth,https://www.port.ac.uk
University of Reading,Reading,https://www.reading.ac.uk
University of Salford,Salford,https://www.salford.ac.uk
University of South Wales,Pontypridd,https://www.southwales.ac.uk
"University of South Wales
Royal Welsh College of Music and Drama",Cardiff,https://www.rwcmd.ac.uk
University of Southampton,Southampton,https://www.southampton.ac.uk
University of St. Andrews,St Andrews,https://www.st-andrews.ac.uk
University of Stirling,Stirling,https://www.stir.ac.uk
University of Strathclyde,Glasgow,https://www.strath.ac.uk
University of Suffolk,Ipswich,https://www.uos.ac.uk
University of Sunderland,Sunderland,https://www.sunderland.ac.uk
University of Surrey,Guildford,https://www.surrey.ac.uk
University of Sussex,Brighton,http://www.sussex.ac.uk
University of the Arts London,London,https://www.arts.ac.uk
University of the Highlands and Islands,Inverness,https://www.uhi.ac.uk
University of the West of England,Bristol,https://www.uwe.ac.uk
University of the West of Scotland,Paisley,https://www.uws.ac.uk
University of Ulster,Coleraine,https://www.ulster.ac.uk
University of Wales,Cardiff,https://www.wales.ac.uk
University of Wales Trinity Saint David,Carmarthen,https://www.uwtsd.ac.uk
University of Warwick,Coventry,https://warwick.ac.uk
University of West London,London,https://www.uwl.ac.uk
University of Westminster,London,https://www.westminster.ac.uk
University of Winchester,Winchester,https://www.winchester.ac.uk
University of Wolverhampton,Wolverhampton,https://www.wlv.ac.uk
University of Worcester,Worcester,https://www.worcester.ac.uk
University of York,York,https://www.york.ac.uk
Wrexham Glyndŵr University,Wrexham,https://glyndwr.ac.uk
Writtle University College,Chelmsford,https://writtle.ac.uk
York St. John University,York,https://www.yorksj.ac.uk
